TEST_PARAM.comment:,4xaa

SourceMeter Model:,2450
SourceMeter S/N:,04518725
SourceMeter Firmware:,1.7.7b

TEST_PARAM.terminals:,FRONT TERMINALS

TEST_PARAM.initial_voc:,6.4827013016
TEST_PARAM.vcutoff:,3.2

TEST_PARAM.discharge_type:,CONSTANT
TEST_PARAM.discharge_current:,0.1
TEST_PARAM.max_discharge_current:,0.1

TEST_PARAM.measure_interval:,100

TEST_PARAM.discharge_start_time:,12/04/21 08:06:17
TEST_PARAM.discharge_stop_time:,12/05/21 11:08:04

BATT_MODEL_RAW:,Index,Timestamp,Voc,Vload,ESR
BATT_MODEL_RAW:,1,0.03484096,6.4563274384,6.2730140686,1.8331336975
BATT_MODEL_RAW:,2,100.03971718,6.3802967072,6.2983875275,0.81909179688
BATT_MODEL_RAW:,3,200.04828864,6.3496990204,6.2757759094,0.73923110962
BATT_MODEL_RAW:,4,300.05687526,6.3237533569,6.2537975311,0.69955825806
BATT_MODEL_RAW:,5,400.05729496,6.3004436493,6.2329826355,0.67461013794
BATT_MODEL_RAW:,6,500.06573038,6.2789535522,6.2132415771,0.65711975098
BATT_MODEL_RAW:,7,600.07495034,6.258846283,6.1944618225,0.64384460449
BATT_MODEL_RAW:,8,700.0841145,6.2398815155,6.1765022278,0.6337928772
BATT_MODEL_RAW:,9,800.09288752,6.2218475342,6.1593284607,0.62519073486
BATT_MODEL_RAW:,10,900.09323232,6.2046813965,6.1428909302,0.61790466309
BATT_MODEL_RAW:,11,1000.1015872,6.1882457733,6.1269607544,0.61285018921
BATT_MODEL_RAW:,12,1100.1018797,6.1724948883,6.1116828918,0.6081199646
BATT_MODEL_RAW:,13,1200.1026577,6.1573467255,6.0968837738,0.6046295166
BATT_MODEL_RAW:,14,1300.1104671,6.142791748,6.0826740265,0.60117721558
BATT_MODEL_RAW:,15,1400.1196336,6.1287765503,6.0689239502,0.59852600098
BATT_MODEL_RAW:,16,1500.1282826,6.1152687073,6.0555801392,0.59688568115
BATT_MODEL_RAW:,17,1600.1371418,6.1022472382,6.0427379608,0.59509277344
BATT_MODEL_RAW:,18,1700.1468527,6.0896854401,6.03033638,0.59349060059
BATT_MODEL_RAW:,19,1800.1548541,6.0775299072,6.01836586,0.59164047241
BATT_MODEL_RAW:,20,1900.1644927,6.0657920837,6.0067634583,0.59028625488
BATT_MODEL_RAW:,21,2000.1726842,6.0544528961,5.9955425262,0.58910369873
BATT_MODEL_RAW:,22,2100.1807189,6.0434570313,5.9846229553,0.58834075928
BATT_MODEL_RAW:,23,2200.1891035,6.032831192,5.9740390778,0.58792114258
BATT_MODEL_RAW:,24,2300.1976786,6.0225276947,5.9637966156,0.58731079102
BATT_MODEL_RAW:,25,2400.2067798,6.0125102997,5.953792572,0.58717727661
BATT_MODEL_RAW:,26,2500.2134756,6.0027942657,5.9441070557,0.58687210083
BATT_MODEL_RAW:,27,2600.2138868,5.9933700562,5.9346847534,0.58685302734
BATT_MODEL_RAW:,28,2700.2220805,5.9841861725,5.9255046844,0.58681488037
BATT_MODEL_RAW:,29,2800.2291948,5.9752559662,5.9165821075,0.58673858643
BATT_MODEL_RAW:,30,2900.2370398,5.9665565491,5.9078369141,0.5871963501
BATT_MODEL_RAW:,31,3000.2457004,5.9580783844,5.8993663788,0.58712005615
BATT_MODEL_RAW:,32,3100.2540466,5.949804306,5.8910675049,0.58736801147
BATT_MODEL_RAW:,33,3200.2615046,5.9417247772,5.8829784393,0.58746337891
BATT_MODEL_RAW:,34,3300.2702825,5.9338512421,5.8750801086,0.58771133423
BATT_MODEL_RAW:,35,3400.279014,5.9261550903,5.8673286438,0.58826446533
BATT_MODEL_RAW:,36,3500.2878022,5.9186172485,5.8597640991,0.58853149414
BATT_MODEL_RAW:,37,3600.2962662,5.9112586975,5.8523101807,0.58948516846
BATT_MODEL_RAW:,38,3700.304681,5.9040546417,5.8450183868,0.59036254883
BATT_MODEL_RAW:,39,3800.3129495,5.8970146179,5.8379440308,0.59070587158
BATT_MODEL_RAW:,40,3900.3203672,5.8901195526,5.8309841156,0.59135437012
BATT_MODEL_RAW:,41,4000.3292538,5.8833713531,5.8241615295,0.59209823608
BATT_MODEL_RAW:,42,4100.3297586,5.8767776489,5.8174667358,0.59310913086
BATT_MODEL_RAW:,43,4200.3367441,5.870300293,5.8108844757,0.59415817261
BATT_MODEL_RAW:,44,4300.3440157,5.8639698029,5.8044757843,0.59494018555
BATT_MODEL_RAW:,45,4400.3533395,5.8577728271,5.7981796265,0.59593200684
BATT_MODEL_RAW:,46,4500.362511,5.8516845703,5.7920703888,0.59614181519
BATT_MODEL_RAW:,47,4600.3710501,5.8457298279,5.7860107422,0.59719085693
BATT_MODEL_RAW:,48,4700.378094,5.8399028778,5.7800674438,0.5983543396
BATT_MODEL_RAW:,49,4800.3872743,5.8342056274,5.7742862701,0.599193573
BATT_MODEL_RAW:,50,4900.3957293,5.8285942078,5.7686061859,0.59988021851
BATT_MODEL_RAW:,51,5000.4051213,5.8231220245,5.7630290985,0.60092926025
BATT_MODEL_RAW:,52,5100.4146344,5.8177490234,5.7575836182,0.60165405273
BATT_MODEL_RAW:,53,5200.4232316,5.8125038147,5.7522296906,0.60274124146
BATT_MODEL_RAW:,54,5300.4316152,5.8073654175,5.7470054626,0.60359954834
BATT_MODEL_RAW:,55,5400.4388257,5.8023338318,5.7418766022,0.60457229614
BATT_MODEL_RAW:,56,5500.4470312,5.7973957062,5.7368888855,0.60506820679
BATT_MODEL_RAW:,57,5600.4547819,5.7925605774,5.7319717407,0.6058883667
BATT_MODEL_RAW:,58,5700.4627755,5.7878379822,5.7271556854,0.60682296753
BATT_MODEL_RAW:,59,5800.471988,5.7831993103,5.722448349,0.60750961304
BATT_MODEL_RAW:,60,5900.4807008,5.7786579132,5.7178668976,0.60791015625
BATT_MODEL_RAW:,61,6000.4896692,5.7742061615,5.7133636475,0.60842514038
BATT_MODEL_RAW:,62,6100.4959014,5.7698326111,5.7089347839,0.60897827148
BATT_MODEL_RAW:,63,6200.5035995,5.7655334473,5.7045879364,0.60945510864
BATT_MODEL_RAW:,64,6300.5040584,5.7613182068,5.7003097534,0.61008453369
BATT_MODEL_RAW:,65,6400.5122234,5.7571811676,5.6961288452,0.61052322388
BATT_MODEL_RAW:,66,6500.5217295,5.7530899048,5.692024231,0.61065673828
BATT_MODEL_RAW:,67,6600.5310469,5.7490730286,5.6879825592,0.6109046936
BATT_MODEL_RAW:,68,6700.5395354,5.7451229095,5.6839866638,0.61136245728
BATT_MODEL_RAW:,69,6800.5464031,5.7412338257,5.6800918579,0.61141967773
BATT_MODEL_RAW:,70,6900.5538467,5.7374038696,5.6762237549,0.61180114746
BATT_MODEL_RAW:,71,7000.562247,5.7336273193,5.6724300385,0.61197280884
BATT_MODEL_RAW:,72,7100.5706679,5.7299060822,5.6687068939,0.61199188232
BATT_MODEL_RAW:,73,7200.5788063,5.7262496948,5.6650409698,0.61208724976
BATT_MODEL_RAW:,74,7300.5888166,5.7226352692,5.6614246368,0.61210632324
BATT_MODEL_RAW:,75,7400.5978723,5.7190952301,5.6578674316,0.61227798462
BATT_MODEL_RAW:,76,7500.607572,5.715587616,5.6543636322,0.61223983765
BATT_MODEL_RAW:,77,7600.6159169,5.712141037,5.6509380341,0.6120300293
BATT_MODEL_RAW:,78,7700.616119,5.7087364197,5.64752388,0.61212539673
BATT_MODEL_RAW:,79,7800.6245306,5.7053966522,5.6441955566,0.61201095581
BATT_MODEL_RAW:,80,7900.6314929,5.7020797729,5.6409244537,0.61155319214
BATT_MODEL_RAW:,81,8000.6318486,5.6988162994,5.637638092,0.61178207397
BATT_MODEL_RAW:,82,8100.6408297,5.6956043243,5.6344470978,0.61157226563
BATT_MODEL_RAW:,83,8200.6495651,5.6924095154,5.631269455,0.61140060425
BATT_MODEL_RAW:,84,8300.6564872,5.6892547607,5.6281414032,0.61113357544
BATT_MODEL_RAW:,85,8400.6651376,5.6861495972,5.6250648499,0.61084747314
BATT_MODEL_RAW:,86,8500.6737211,5.6830730438,5.6220226288,0.61050415039
BATT_MODEL_RAW:,87,8600.6823738,5.6800365448,5.6189823151,0.61054229736
BATT_MODEL_RAW:,88,8700.6908324,5.6770401001,5.6159763336,0.61063766479
BATT_MODEL_RAW:,89,8800.6992108,5.674030304,5.61302948,0.61000823975
BATT_MODEL_RAW:,90,8900.7077552,5.6711025238,5.6101074219,0.60995101929
BATT_MODEL_RAW:,91,9000.7149568,5.6681861877,5.6072177887,0.60968399048
BATT_MODEL_RAW:,92,9100.7213407,5.6652965546,5.6043624878,0.60934066772
BATT_MODEL_RAW:,93,9200.7301334,5.6624202728,5.6014976501,0.60922622681
BATT_MODEL_RAW:,94,9300.7378508,5.6595897675,5.5986843109,0.60905456543
BATT_MODEL_RAW:,95,9400.7450734,5.6567840576,5.5959033966,0.60880661011
BATT_MODEL_RAW:,96,9500.7550143,5.6539974213,5.5931243896,0.60873031616
BATT_MODEL_RAW:,97,9600.7623192,5.6512298584,5.5903835297,0.60846328735
BATT_MODEL_RAW:,98,9700.7694613,5.6485061646,5.5876903534,0.60815811157
BATT_MODEL_RAW:,99,9800.7774727,5.6457901001,5.585018158,0.60771942139
BATT_MODEL_RAW:,100,9900.7852479,5.6431255341,5.5823764801,0.60749053955
BATT_MODEL_RAW:,101,10000.793944,5.6404743195,5.5797538757,0.60720443726
BATT_MODEL_RAW:,102,10100.801063,5.6378555298,5.5771541595,0.60701370239
BATT_MODEL_RAW:,103,10200.809988,5.6352577209,5.5745658875,0.60691833496
BATT_MODEL_RAW:,104,10300.818264,5.6326637268,5.5720176697,0.60646057129
BATT_MODEL_RAW:,105,10400.824178,5.6301002502,5.5694675446,0.60632705688
BATT_MODEL_RAW:,106,10500.830715,5.6275806427,5.5669460297,0.60634613037
BATT_MODEL_RAW:,107,10600.837989,5.6250610352,5.5644454956,0.60615539551
BATT_MODEL_RAW:,108,10700.839023,5.6225509644,5.5619678497,0.60583114624
BATT_MODEL_RAW:,109,10800.846644,5.6200733185,5.5595340729,0.60539245605
BATT_MODEL_RAW:,110,10900.854456,5.6176052094,5.5570774078,0.60527801514
BATT_MODEL_RAW:,111,11000.863543,5.6151618958,5.5546646118,0.60497283936
BATT_MODEL_RAW:,112,11100.870839,5.6127376556,5.5522384644,0.60499191284
BATT_MODEL_RAW:,113,11200.878188,5.6103115082,5.5498371124,0.60474395752
BATT_MODEL_RAW:,114,11300.885926,5.6079063416,5.5474338531,0.60472488403
BATT_MODEL_RAW:,115,11400.895028,5.6055049896,5.5450363159,0.60468673706
BATT_MODEL_RAW:,116,11500.902774,5.6031208038,5.5426521301,0.60468673706
BATT_MODEL_RAW:,117,11600.910148,5.6007404327,5.5402889252,0.60451507568
BATT_MODEL_RAW:,118,11700.919949,5.5983734131,5.5379314423,0.60441970825
BATT_MODEL_RAW:,119,11800.926614,5.5960292816,5.5355987549,0.60430526733
BATT_MODEL_RAW:,120,11900.933749,5.5936813354,5.5332870483,0.60394287109
BATT_MODEL_RAW:,121,12000.942234,5.5913486481,5.5309524536,0.60396194458
BATT_MODEL_RAW:,122,12100.950843,5.5890235901,5.5286369324,0.60386657715
BATT_MODEL_RAW:,123,12200.957956,5.5867214203,5.5263271332,0.60394287109
BATT_MODEL_RAW:,124,12300.964584,5.5844154358,5.5240345001,0.60380935669
BATT_MODEL_RAW:,125,12400.974708,5.5821113586,5.521736145,0.60375213623
BATT_MODEL_RAW:,126,12500.983243,5.5798110962,5.5194511414,0.60359954834
BATT_MODEL_RAW:,127,12600.991479,5.5775356293,5.5171661377,0.60369491577
BATT_MODEL_RAW:,128,12700.999818,5.575252533,5.5148944855,0.60358047485
BATT_MODEL_RAW:,129,12801.007595,5.5729751587,5.5126113892,0.60363769531
BATT_MODEL_RAW:,130,12901.017164,5.5706958771,5.5103263855,0.60369491577
BATT_MODEL_RAW:,131,13001.02436,5.5684185028,5.5080432892,0.60375213623
BATT_MODEL_RAW:,132,13101.032729,5.5661354065,5.5057601929,0.60375213623
BATT_MODEL_RAW:,133,13201.04084,5.5638656616,5.50349617,0.60369491577
BATT_MODEL_RAW:,134,13301.048792,5.56158638,5.5012321472,0.60354232788
BATT_MODEL_RAW:,135,13401.057357,5.5593147278,5.4989719391,0.60342788696
BATT_MODEL_RAW:,136,13501.065533,5.5570335388,5.496673584,0.60359954834
BATT_MODEL_RAW:,137,13601.072805,5.5547714233,5.4943981171,0.60373306274
BATT_MODEL_RAW:,138,13701.079667,5.5524978638,5.4921169281,0.60380935669
BATT_MODEL_RAW:,139,13801.087521,5.5502147675,5.4898300171,0.60384750366
BATT_MODEL_RAW:,140,13901.096324,5.5479354858,5.4875297546,0.60405731201
BATT_MODEL_RAW:,141,14001.103983,5.5456256866,5.4852275848,0.60398101807
BATT_MODEL_RAW:,142,14101.112476,5.5433540344,5.4829120636,0.60441970825
BATT_MODEL_RAW:,143,14201.119282,5.5410652161,5.4806270599,0.60438156128
BATT_MODEL_RAW:,144,14301.128241,5.5387821198,5.4783325195,0.6044960022
BATT_MODEL_RAW:,145,14401.137034,5.5364990234,5.4760303497,0.60468673706
BATT_MODEL_RAW:,146,14501.142064,5.5342140198,5.4737205505,0.60493469238
BATT_MODEL_RAW:,147,14601.151487,5.5319423676,5.4714355469,0.60506820679
BATT_MODEL_RAW:,148,14701.159622,5.5296573639,5.4691200256,0.60537338257
BATT_MODEL_RAW:,149,14801.167958,5.5273780823,5.4668312073,0.60546875
BATT_MODEL_RAW:,150,14901.176706,5.5251235962,5.4645462036,0.60577392578
BATT_MODEL_RAW:,151,15001.185729,5.5228424072,5.4622573853,0.60585021973
BATT_MODEL_RAW:,152,15101.194618,5.5205917358,5.4599647522,0.60626983643
BATT_MODEL_RAW:,153,15201.202432,5.5183506012,5.4577045441,0.60646057129
BATT_MODEL_RAW:,154,15301.210449,5.5161037445,5.4554386139,0.60665130615
BATT_MODEL_RAW:,155,15401.218948,5.5138645172,5.4531745911,0.60689926147
BATT_MODEL_RAW:,156,15501.228024,5.5116405487,5.4509124756,0.6072807312
BATT_MODEL_RAW:,157,15601.236553,5.5093994141,5.4486732483,0.60726165771
BATT_MODEL_RAW:,158,15701.245471,5.507188797,5.4464454651,0.60743331909
BATT_MODEL_RAW:,159,15801.253242,5.5049629211,5.4442195892,0.60743331909
BATT_MODEL_RAW:,160,15901.26053,5.5027694702,5.4419898987,0.60779571533
BATT_MODEL_RAW:,161,16001.269361,5.5005779266,5.4397926331,0.60785293579
BATT_MODEL_RAW:,162,16101.278999,5.4983634949,5.4375591278,0.60804367065
BATT_MODEL_RAW:,163,16201.286159,5.4961872101,5.435333252,0.6085395813
BATT_MODEL_RAW:,164,16301.293532,5.4939994812,5.4331455231,0.6085395813
BATT_MODEL_RAW:,165,16401.301844,5.4918346405,5.4309539795,0.60880661011
BATT_MODEL_RAW:,166,16501.311199,5.4896583557,5.4287452698,0.60913085938
BATT_MODEL_RAW:,167,16601.321036,5.4874801636,5.426530838,0.60949325562
BATT_MODEL_RAW:,168,16701.329285,5.4853229523,5.4243488312,0.60974121094
BATT_MODEL_RAW:,169,16801.338711,5.4831542969,5.4221458435,0.61008453369
BATT_MODEL_RAW:,170,16901.347534,5.4810142517,5.4199752808,0.61038970947
BATT_MODEL_RAW:,171,17001.354707,5.4788665771,5.4177951813,0.61071395874
BATT_MODEL_RAW:,172,17101.364663,5.4767150879,5.4156227112,0.61092376709
BATT_MODEL_RAW:,173,17201.371888,5.4745578766,5.4134368896,0.61120986938
BATT_MODEL_RAW:,174,17301.380467,5.4723987579,5.4112415314,0.61157226563
BATT_MODEL_RAW:,175,17401.388586,5.4702396393,5.4090499878,0.61189651489
BATT_MODEL_RAW:,176,17501.395818,5.4680767059,5.4068450928,0.61231613159
BATT_MODEL_RAW:,177,17601.404435,5.4659290314,5.4046516418,0.61277389526
BATT_MODEL_RAW:,178,17701.411471,5.4637622833,5.4024429321,0.61319351196
BATT_MODEL_RAW:,179,17801.420698,5.4615955353,5.4002342224,0.61361312866
BATT_MODEL_RAW:,180,17901.42943,5.4594287872,5.398015976,0.61412811279
BATT_MODEL_RAW:,181,18001.437098,5.4572525024,5.3957901001,0.61462402344
BATT_MODEL_RAW:,182,18101.445108,5.4550895691,5.3935966492,0.61492919922
BATT_MODEL_RAW:,183,18201.453029,5.452917099,5.3913612366,0.61555862427
BATT_MODEL_RAW:,184,18301.462017,5.4507656097,5.3891620636,0.61603546143
BATT_MODEL_RAW:,185,18401.468683,5.4485969543,5.3869380951,0.61658859253
BATT_MODEL_RAW:,186,18501.476045,5.4464302063,5.3847236633,0.61706542969
BATT_MODEL_RAW:,187,18601.485762,5.4442749023,5.3824996948,0.6177520752
BATT_MODEL_RAW:,188,18701.493807,5.4421024323,5.3802928925,0.61809539795
BATT_MODEL_RAW:,189,18801.50162,5.4399375916,5.378080368,0.61857223511
BATT_MODEL_RAW:,190,18901.510481,5.4377861023,5.3758907318,0.61895370483
BATT_MODEL_RAW:,191,19001.519495,5.4356269836,5.3735961914,0.62030792236
BATT_MODEL_RAW:,192,19101.52773,5.4334850311,5.371383667,0.62101364136
BATT_MODEL_RAW:,193,19201.534812,5.4313201904,5.3691883087,0.62131881714
BATT_MODEL_RAW:,194,19301.545025,5.4291973114,5.3670158386,0.62181472778
BATT_MODEL_RAW:,195,19401.553282,5.4270496368,5.3648300171,0.62219619751
BATT_MODEL_RAW:,196,19501.562416,5.4249229431,5.3626480103,0.62274932861
BATT_MODEL_RAW:,197,19601.571973,5.4227867126,5.3604698181,0.62316894531
BATT_MODEL_RAW:,198,19701.580796,5.4206638336,5.3582935333,0.62370300293
BATT_MODEL_RAW:,199,19801.590427,5.4185581207,5.3561344147,0.62423706055
BATT_MODEL_RAW:,200,19901.597622,5.4164390564,5.3539733887,0.62465667725
BATT_MODEL_RAW:,201,20001.606502,5.4143409729,5.3518314362,0.62509536743
BATT_MODEL_RAW:,202,20101.615024,5.4122524261,5.3496799469,0.62572479248
BATT_MODEL_RAW:,203,20201.623216,5.4101696014,5.3475475311,0.62622070313
BATT_MODEL_RAW:,204,20301.631854,5.408082962,5.3454265594,0.62656402588
BATT_MODEL_RAW:,205,20401.639936,5.406003952,5.3433036804,0.62700271606
BATT_MODEL_RAW:,206,20501.649663,5.4039516449,5.3411903381,0.62761306763
BATT_MODEL_RAW:,207,20601.657216,5.401889801,5.3390731812,0.62816619873
BATT_MODEL_RAW:,208,20701.666975,5.3998603821,5.3369903564,0.62870025635
BATT_MODEL_RAW:,209,20801.674804,5.3978233337,5.3348941803,0.62929153442
BATT_MODEL_RAW:,210,20901.681627,5.3957996368,5.3328113556,0.6298828125
BATT_MODEL_RAW:,211,21001.690513,5.3937702179,5.3307476044,0.63022613525
BATT_MODEL_RAW:,212,21101.69926,5.391746521,5.3286705017,0.63076019287
BATT_MODEL_RAW:,213,21201.707697,5.3897457123,5.3265972137,0.63148498535
BATT_MODEL_RAW:,214,21301.716351,5.3877468109,5.3245315552,0.63215255737
BATT_MODEL_RAW:,215,21401.724115,5.3857574463,5.3225002289,0.63257217407
BATT_MODEL_RAW:,216,21501.733943,5.383764267,5.3204650879,0.63299179077
BATT_MODEL_RAW:,217,21601.742225,5.3817977905,5.3184394836,0.63358306885
BATT_MODEL_RAW:,218,21701.748401,5.3798389435,5.3164157867,0.63423156738
BATT_MODEL_RAW:,219,21801.756599,5.3778781891,5.3143978119,0.63480377197
BATT_MODEL_RAW:,220,21901.764448,5.3759212494,5.3123836517,0.63537597656
BATT_MODEL_RAW:,221,22001.773502,5.3739833832,5.3103981018,0.63585281372
BATT_MODEL_RAW:,222,22101.780887,5.372045517,5.3084182739,0.63627243042
BATT_MODEL_RAW:,223,22201.789652,5.3701305389,5.3064460754,0.63684463501
BATT_MODEL_RAW:,224,22301.797715,5.3682327271,5.3045005798,0.63732147217
BATT_MODEL_RAW:,225,22401.804867,5.3663139343,5.3025302887,0.6378364563
BATT_MODEL_RAW:,226,22501.813751,5.3644218445,5.3005657196,0.63856124878
BATT_MODEL_RAW:,227,22601.823203,5.3625392914,5.2986335754,0.63905715942
BATT_MODEL_RAW:,228,22701.831571,5.3606643677,5.2967014313,0.63962936401
BATT_MODEL_RAW:,229,22801.838734,5.358795166,5.2947731018,0.64022064209
BATT_MODEL_RAW:,230,22901.847983,5.3569202423,5.2928657532,0.64054489136
BATT_MODEL_RAW:,231,23001.857609,5.3550758362,5.2909507751,0.64125061035
BATT_MODEL_RAW:,232,23101.865057,5.3532218933,5.2890510559,0.64170837402
BATT_MODEL_RAW:,233,23201.87317,5.3513755798,5.2871570587,0.64218521118
BATT_MODEL_RAW:,234,23301.881441,5.3495407104,5.2852668762,0.64273834229
BATT_MODEL_RAW:,235,23401.890266,5.347738266,5.283411026,0.6432723999
BATT_MODEL_RAW:,236,23501.898512,5.3459072113,5.2815132141,0.64393997192
BATT_MODEL_RAW:,237,23601.907121,5.3441200256,5.2796516418,0.64468383789
BATT_MODEL_RAW:,238,23701.916715,5.3423118591,5.277803421,0.6450843811
BATT_MODEL_RAW:,239,23801.92478,5.3405189514,5.2759380341,0.64580917358
BATT_MODEL_RAW:,240,23901.933008,5.3387546539,5.2741069794,0.64647674561
BATT_MODEL_RAW:,241,24001.941322,5.3369884491,5.2722873688,0.64701080322
BATT_MODEL_RAW:,242,24101.949233,5.3352222443,5.2704639435,0.64758300781
BATT_MODEL_RAW:,243,24201.956654,5.3334693909,5.268661499,0.64807891846
BATT_MODEL_RAW:,244,24301.963897,5.3317203522,5.2668647766,0.64855575562
BATT_MODEL_RAW:,245,24401.973048,5.3299789429,5.2650871277,0.64891815186
BATT_MODEL_RAW:,246,24501.980214,5.3282814026,5.2633171082,0.64964294434
BATT_MODEL_RAW:,247,24601.987817,5.3265590668,5.2615356445,0.65023422241
BATT_MODEL_RAW:,248,24701.996606,5.3248443604,5.259771347,0.65073013306
BATT_MODEL_RAW:,249,24802.004468,5.3231258392,5.2580032349,0.6512260437
BATT_MODEL_RAW:,250,24902.012129,5.3214263916,5.2562427521,0.65183639526
BATT_MODEL_RAW:,251,25002.018364,5.3197212219,5.2544975281,0.65223693848
BATT_MODEL_RAW:,252,25102.026238,5.3180274963,5.2527370453,0.6529045105
BATT_MODEL_RAW:,253,25202.035472,5.3163452148,5.2509994507,0.6534576416
BATT_MODEL_RAW:,254,25302.041701,5.3146533966,5.2492599487,0.65393447876
BATT_MODEL_RAW:,255,25402.05121,5.3129901886,5.2475376129,0.65452575684
BATT_MODEL_RAW:,256,25502.059621,5.3113155365,5.2458076477,0.65507888794
BATT_MODEL_RAW:,257,25602.067154,5.3096675873,5.2440872192,0.65580368042
BATT_MODEL_RAW:,258,25702.075444,5.3080158234,5.2423801422,0.65635681152
BATT_MODEL_RAW:,259,25802.083555,5.3063831329,5.2406921387,0.65690994263
BATT_MODEL_RAW:,260,25902.093469,5.3047542572,5.2390022278,0.65752029419
BATT_MODEL_RAW:,261,26002.100988,5.3031234741,5.2373065948,0.65816879272
BATT_MODEL_RAW:,262,26102.110049,5.3014945984,5.2356395721,0.65855026245
BATT_MODEL_RAW:,263,26202.110295,5.2998867035,5.23396492,0.65921783447
BATT_MODEL_RAW:,264,26302.118117,5.2982845306,5.2323074341,0.65977096558
BATT_MODEL_RAW:,265,26402.127299,5.2966651917,5.2306442261,0.66020965576
BATT_MODEL_RAW:,266,26502.135547,5.2950992584,5.2290267944,0.66072463989
BATT_MODEL_RAW:,267,26602.144566,5.2935028076,5.2273731232,0.66129684448
BATT_MODEL_RAW:,268,26702.153003,5.2919101715,5.225725174,0.66184997559
BATT_MODEL_RAW:,269,26802.160808,5.2903270721,5.2240867615,0.66240310669
BATT_MODEL_RAW:,270,26902.161917,5.2887439728,5.222448349,0.66295623779
BATT_MODEL_RAW:,271,27002.170655,5.2871742249,5.2208213806,0.66352844238
BATT_MODEL_RAW:,272,27102.179639,5.2856121063,5.2191925049,0.6641960144
BATT_MODEL_RAW:,273,27202.18641,5.2840518951,5.2175655365,0.66486358643
BATT_MODEL_RAW:,274,27302.194237,5.2825107574,5.215970993,0.66539764404
BATT_MODEL_RAW:,275,27402.201811,5.2809429169,5.2143726349,0.66570281982
BATT_MODEL_RAW:,276,27502.209287,5.2793998718,5.2127628326,0.66637039185
BATT_MODEL_RAW:,277,27602.218378,5.2778873444,5.21118927,0.66698074341
BATT_MODEL_RAW:,278,27702.227334,5.2763652802,5.2096118927,0.66753387451
BATT_MODEL_RAW:,279,27802.23511,5.2748432159,5.2080078125,0.66835403442
BATT_MODEL_RAW:,280,27902.243109,5.2733020782,5.2064476013,0.66854476929
BATT_MODEL_RAW:,281,28002.251272,5.2718086243,5.2048988342,0.66909790039
BATT_MODEL_RAW:,282,28102.259545,5.270318985,5.2033557892,0.66963195801
BATT_MODEL_RAW:,283,28202.266488,5.2688083649,5.2017745972,0.670337677
BATT_MODEL_RAW:,284,28302.274395,5.2673091888,5.2002429962,0.67066192627
BATT_MODEL_RAW:,285,28402.282209,5.2658119202,5.1986846924,0.67127227783
BATT_MODEL_RAW:,286,28502.290849,5.2643508911,5.1971797943,0.67171096802
BATT_MODEL_RAW:,287,28602.298676,5.2628555298,5.195640564,0.6721496582
BATT_MODEL_RAW:,288,28702.307637,5.2613887787,5.1941127777,0.67276000977
BATT_MODEL_RAW:,289,28802.315978,5.2599105835,5.1925868988,0.67323684692
BATT_MODEL_RAW:,290,28902.323101,5.258441925,5.1910610199,0.67380905151
BATT_MODEL_RAW:,291,29002.330101,5.2569828033,5.189540863,0.67441940308
BATT_MODEL_RAW:,292,29102.338437,5.2555294037,5.1880207062,0.6750869751
BATT_MODEL_RAW:,293,29202.346822,5.2540664673,5.1865100861,0.67556381226
BATT_MODEL_RAW:,294,29302.354737,5.2526035309,5.1849975586,0.6760597229
BATT_MODEL_RAW:,295,29402.361718,5.2511634827,5.1835079193,0.67655563354
BATT_MODEL_RAW:,296,29502.369952,5.2497138977,5.1820087433,0.67705154419
BATT_MODEL_RAW:,297,29602.377749,5.2482833862,5.1805381775,0.6774520874
BATT_MODEL_RAW:,298,29702.385272,5.2468605042,5.1790523529,0.67808151245
BATT_MODEL_RAW:,299,29802.385733,5.245426178,5.1775856018,0.67840576172
BATT_MODEL_RAW:,300,29902.392254,5.2440109253,5.1761188507,0.67892074585
BATT_MODEL_RAW:,301,30002.399755,5.242609024,5.174659729,0.67949295044
BATT_MODEL_RAW:,302,30102.407437,5.2411975861,5.1731948853,0.68002700806
BATT_MODEL_RAW:,303,30202.415633,5.239780426,5.1717395782,0.68040847778
BATT_MODEL_RAW:,304,30302.424078,5.2383861542,5.1702976227,0.68088531494
BATT_MODEL_RAW:,305,30402.430964,5.236995697,5.1688327789,0.68162918091
BATT_MODEL_RAW:,306,30502.440745,5.2355957031,5.1673774719,0.68218231201
BATT_MODEL_RAW:,307,30602.448203,5.2341899872,5.1659202576,0.68269729614
BATT_MODEL_RAW:,308,30702.454922,5.2328014374,5.1644897461,0.68311691284
BATT_MODEL_RAW:,309,30802.462353,5.2314243317,5.1630439758,0.68380355835
BATT_MODEL_RAW:,310,30902.469383,5.2300510406,5.1616134644,0.68437576294
BATT_MODEL_RAW:,311,31002.478121,5.2286663055,5.1601905823,0.68475723267
BATT_MODEL_RAW:,312,31102.484957,5.2273082733,5.1587753296,0.68532943726
BATT_MODEL_RAW:,313,31202.493158,5.2259273529,5.1573524475,0.68574905396
BATT_MODEL_RAW:,314,31302.493371,5.2245750427,5.1559429169,0.68632125854
BATT_MODEL_RAW:,315,31402.500625,5.223197937,5.1545181274,0.6867980957
BATT_MODEL_RAW:,316,31502.508683,5.2218341827,5.1531124115,0.6872177124
BATT_MODEL_RAW:,317,31602.5169,5.2204933167,5.1517086029,0.68784713745
BATT_MODEL_RAW:,318,31702.525112,5.2191295624,5.1502876282,0.68841934204
BATT_MODEL_RAW:,319,31802.533563,5.2177848816,5.1488952637,0.6888961792
BATT_MODEL_RAW:,320,31902.540768,5.2164592743,5.1475105286,0.68948745728
BATT_MODEL_RAW:,321,32002.550444,5.2151107788,5.1461372375,0.6897354126
BATT_MODEL_RAW:,322,32102.559002,5.2137813568,5.1447582245,0.69023132324
BATT_MODEL_RAW:,323,32202.567639,5.2124576569,5.1433906555,0.69067001343
BATT_MODEL_RAW:,324,32302.576422,5.2111129761,5.1420021057,0.69110870361
BATT_MODEL_RAW:,325,32402.584956,5.2097835541,5.1406211853,0.69162368774
BATT_MODEL_RAW:,326,32502.593189,5.2084617615,5.139257431,0.69204330444
BATT_MODEL_RAW:,327,32602.601133,5.2071399689,5.1378726959,0.69267272949
BATT_MODEL_RAW:,328,32702.610663,5.2058181763,5.1365146637,0.69303512573
BATT_MODEL_RAW:,329,32802.620184,5.2045097351,5.1351661682,0.69343566895
BATT_MODEL_RAW:,330,32902.628512,5.2032089233,5.1338253021,0.69383621216
BATT_MODEL_RAW:,331,33002.636608,5.2019100189,5.1324653625,0.69444656372
BATT_MODEL_RAW:,332,33102.645074,5.2005996704,5.1311035156,0.69496154785
BATT_MODEL_RAW:,333,33202.652671,5.1992874146,5.1297607422,0.69526672363
BATT_MODEL_RAW:,334,33302.661045,5.1980113983,5.128446579,0.69564819336
BATT_MODEL_RAW:,335,33402.661381,5.1966991425,5.1270980835,0.6960105896
BATT_MODEL_RAW:,336,33502.669916,5.1953983307,5.1257534027,0.69644927979
BATT_MODEL_RAW:,337,33602.678024,5.1941204071,5.1244297028,0.69690704346
BATT_MODEL_RAW:,338,33702.687831,5.1928482056,5.1231098175,0.69738388062
BATT_MODEL_RAW:,339,33802.69702,5.1915473938,5.1217651367,0.6978225708
BATT_MODEL_RAW:,340,33902.706223,5.1902751923,5.1204509735,0.6982421875
BATT_MODEL_RAW:,341,34002.71295,5.1889839172,5.1191101074,0.69873809814
BATT_MODEL_RAW:,342,34102.722756,5.1877059937,5.1177883148,0.69917678833
BATT_MODEL_RAW:,343,34202.732085,5.1864376068,5.1164627075,0.69974899292
BATT_MODEL_RAW:,344,34302.740152,5.1851615906,5.1151580811,0.70003509521
BATT_MODEL_RAW:,345,34402.748973,5.1838874817,5.1138324738,0.70055007935
BATT_MODEL_RAW:,346,34502.757489,5.1826572418,5.1125469208,0.70110321045
BATT_MODEL_RAW:,347,34602.765881,5.1813850403,5.1112346649,0.70150375366
BATT_MODEL_RAW:,348,34702.772447,5.1801338196,5.109954834,0.70178985596
BATT_MODEL_RAW:,349,34802.778981,5.1788806915,5.1086654663,0.7021522522
BATT_MODEL_RAW:,350,34902.788739,5.1776390076,5.1073932648,0.70245742798
BATT_MODEL_RAW:,351,35002.794885,5.1764087677,5.1061229706,0.70285797119
BATT_MODEL_RAW:,352,35102.802357,5.1751842499,5.1048583984,0.7032585144
BATT_MODEL_RAW:,353,35202.811849,5.17395401,5.1036052704,0.70348739624
BATT_MODEL_RAW:,354,35302.819522,5.1727600098,5.1023578644,0.70402145386
BATT_MODEL_RAW:,355,35402.828764,5.1715755463,5.1011295319,0.70446014404
BATT_MODEL_RAW:,356,35502.836516,5.1703929901,5.0999164581,0.70476531982
BATT_MODEL_RAW:,357,35602.846423,5.1692333221,5.0987262726,0.70507049561
BATT_MODEL_RAW:,358,35702.856035,5.168094635,5.0975646973,0.70529937744
BATT_MODEL_RAW:,359,35802.862866,5.1669578552,5.0963935852,0.7056427002
BATT_MODEL_RAW:,360,35902.872424,5.1658573151,5.0952663422,0.705909729
BATT_MODEL_RAW:,361,36002.880043,5.1647491455,5.0941238403,0.70625305176
BATT_MODEL_RAW:,362,36102.888462,5.1636352539,5.0929965973,0.70638656616
BATT_MODEL_RAW:,363,36202.897479,5.162563324,5.091884613,0.70678710938
BATT_MODEL_RAW:,364,36302.907555,5.1615047455,5.0907974243,0.70707321167
BATT_MODEL_RAW:,365,36402.917472,5.1604633331,5.0897312164,0.70732116699
BATT_MODEL_RAW:,366,36502.926059,5.1594543457,5.0886955261,0.7075881958
BATT_MODEL_RAW:,367,36602.933859,5.158449173,5.0876750946,0.70774078369
BATT_MODEL_RAW:,368,36702.942424,5.1574745178,5.0866966248,0.70777893066
BATT_MODEL_RAW:,369,36802.949098,5.1564979553,5.0857048035,0.70793151855
BATT_MODEL_RAW:,370,36902.955761,5.1555423737,5.0847244263,0.70817947388
BATT_MODEL_RAW:,371,37002.963846,5.1546039581,5.0837745667,0.70829391479
BATT_MODEL_RAW:,372,37102.971622,5.153673172,5.0828399658,0.70833206177
BATT_MODEL_RAW:,373,37202.979652,5.1527633667,5.0819034576,0.70859909058
BATT_MODEL_RAW:,374,37302.986289,5.1518173218,5.0809555054,0.70861816406
BATT_MODEL_RAW:,375,37402.994446,5.1509170532,5.0800189972,0.7089805603
BATT_MODEL_RAW:,376,37503.002421,5.1499538422,5.0790653229,0.70888519287
BATT_MODEL_RAW:,377,37603.009842,5.1490383148,5.0781402588,0.7089805603
BATT_MODEL_RAW:,378,37703.017426,5.1481246948,5.0772094727,0.70915222168
BATT_MODEL_RAW:,379,37803.025448,5.1472206116,5.0762748718,0.70945739746
BATT_MODEL_RAW:,380,37903.034188,5.1463184357,5.0753746033,0.70943832397
BATT_MODEL_RAW:,381,38003.041092,5.1454257965,5.07447052,0.70955276489
BATT_MODEL_RAW:,382,38103.050343,5.1445426941,5.0735607147,0.7098197937
BATT_MODEL_RAW:,383,38203.058402,5.1436252594,5.072637558,0.70987701416
BATT_MODEL_RAW:,384,38303.065432,5.1427593231,5.0717430115,0.71016311646
BATT_MODEL_RAW:,385,38403.073611,5.1418495178,5.0708274841,0.71022033691
BATT_MODEL_RAW:,386,38503.081415,5.140920639,5.0698776245,0.71043014526
BATT_MODEL_RAW:,387,38603.090112,5.1399917603,5.0689315796,0.71060180664
BATT_MODEL_RAW:,388,38703.09758,5.1390800476,5.0680007935,0.7107925415
BATT_MODEL_RAW:,389,38803.105799,5.1381282806,5.0670261383,0.71102142334
BATT_MODEL_RAW:,390,38903.114277,5.1371707916,5.0660572052,0.71113586426
BATT_MODEL_RAW:,391,39003.12049,5.1362190247,5.065071106,0.71147918701
BATT_MODEL_RAW:,392,39103.128975,5.135269165,5.0641059875,0.7116317749
BATT_MODEL_RAW:,393,39203.136442,5.1343173981,5.0631427765,0.71174621582
BATT_MODEL_RAW:,394,39303.144335,5.1333675385,5.0621795654,0.71187973022
BATT_MODEL_RAW:,395,39403.151404,5.1324138641,5.0611934662,0.71220397949
BATT_MODEL_RAW:,396,39503.158104,5.1314678192,5.0602436066,0.71224212646
BATT_MODEL_RAW:,397,39603.16687,5.1305179596,5.0592746735,0.71243286133
BATT_MODEL_RAW:,398,39703.172653,5.1295757294,5.0583019257,0.71273803711
BATT_MODEL_RAW:,399,39803.179725,5.1286640167,5.0573654175,0.71298599243
BATT_MODEL_RAW:,400,39903.188344,5.1277351379,5.056432724,0.7130241394
BATT_MODEL_RAW:,401,40003.196324,5.1268043518,5.0554943085,0.71310043335
BATT_MODEL_RAW:,402,40103.205042,5.1258792877,5.0545501709,0.71329116821
BATT_MODEL_RAW:,403,40203.212626,5.1249370575,5.0536022186,0.71334838867
BATT_MODEL_RAW:,404,40303.220279,5.1239948273,5.0526161194,0.71378707886
BATT_MODEL_RAW:,405,40403.227619,5.1230487823,5.051651001,0.71397781372
BATT_MODEL_RAW:,406,40503.233755,5.1221179962,5.0506896973,0.7142829895
BATT_MODEL_RAW:,407,40603.242639,5.1211471558,5.0497074127,0.71439743042
BATT_MODEL_RAW:,408,40703.250647,5.1202011108,5.0487308502,0.7147026062
BATT_MODEL_RAW:,409,40803.25888,5.1192817688,5.0477809906,0.71500778198
BATT_MODEL_RAW:,410,40903.266142,5.1183338165,5.0468349457,0.7149887085
BATT_MODEL_RAW:,411,41003.274815,5.1174068451,5.0458908081,0.71516036987
BATT_MODEL_RAW:,412,41103.283068,5.1164608002,5.0449390411,0.71521759033
BATT_MODEL_RAW:,413,41203.289776,5.1154994965,5.0439586639,0.7154083252
BATT_MODEL_RAW:,414,41303.29928,5.1145706177,5.0430202484,0.71550369263
BATT_MODEL_RAW:,415,41403.306737,5.1136474609,5.0420856476,0.71561813354
BATT_MODEL_RAW:,416,41503.314469,5.1127109528,5.0411472321,0.71563720703
BATT_MODEL_RAW:,417,41603.321099,5.1117935181,5.0402202606,0.71573257446
BATT_MODEL_RAW:,418,41703.329626,5.1108703613,5.0392837524,0.71586608887
BATT_MODEL_RAW:,419,41803.337623,5.1099338531,5.0383453369,0.71588516235
BATT_MODEL_RAW:,420,41903.344001,5.1090087891,5.0373897552,0.71619033813
BATT_MODEL_RAW:,421,42003.351043,5.1080818176,5.0364437103,0.716381073
BATT_MODEL_RAW:,422,42103.358766,5.1071624756,5.0355148315,0.71647644043
BATT_MODEL_RAW:,423,42203.366041,5.1062526703,5.0345802307,0.71672439575
BATT_MODEL_RAW:,424,42303.373837,5.1053123474,5.0336284637,0.71683883667
BATT_MODEL_RAW:,425,42403.382459,5.1043872833,5.0326881409,0.71699142456
BATT_MODEL_RAW:,426,42503.391386,5.1034469604,5.0317382813,0.71708679199
BATT_MODEL_RAW:,427,42603.398641,5.1025028229,5.0307655334,0.71737289429
BATT_MODEL_RAW:,428,42703.406417,5.1015605927,5.0298023224,0.71758270264
BATT_MODEL_RAW:,429,42803.414208,5.1005916595,5.0288124084,0.71779251099
BATT_MODEL_RAW:,430,42903.421691,5.0996360779,5.0278377533,0.71798324585
BATT_MODEL_RAW:,431,43003.42876,5.0986976624,5.0268650055,0.7183265686
BATT_MODEL_RAW:,432,43103.434176,5.0977363586,5.0258865356,0.71849822998
BATT_MODEL_RAW:,433,43203.440554,5.0967597961,5.0249099731,0.71849822998
BATT_MODEL_RAW:,434,43303.443996,5.0958003998,5.0239105225,0.71889877319
BATT_MODEL_RAW:,435,43403.448678,5.0948352814,5.02293396,0.71901321411
BATT_MODEL_RAW:,436,43503.45488,5.0938587189,5.0219516754,0.71907043457
BATT_MODEL_RAW:,437,43603.460726,5.0928668976,5.0209445953,0.71922302246
BATT_MODEL_RAW:,438,43703.466419,5.0919094086,5.0199661255,0.71943283081
BATT_MODEL_RAW:,439,43803.471152,5.0909366608,5.0189628601,0.71973800659
BATT_MODEL_RAW:,440,43903.477366,5.0899505615,5.0179653168,0.71985244751
BATT_MODEL_RAW:,441,44003.483002,5.0889701843,5.0169563293,0.7201385498
BATT_MODEL_RAW:,442,44103.487401,5.0879802704,5.0159358978,0.72044372559
BATT_MODEL_RAW:,443,44203.494681,5.0869636536,5.0149078369,0.7205581665
BATT_MODEL_RAW:,444,44303.498412,5.0859699249,5.013885498,0.7208442688
BATT_MODEL_RAW:,445,44403.503015,5.0849685669,5.0128765106,0.72092056274
BATT_MODEL_RAW:,446,44503.507404,5.0839576721,5.0118427277,0.72114944458
BATT_MODEL_RAW:,447,44603.511846,5.0829410553,5.0107860565,0.72154998779
BATT_MODEL_RAW:,448,44703.518055,5.0819244385,5.0097560883,0.7216835022
BATT_MODEL_RAW:,449,44803.521168,5.0808887482,5.0087127686,0.72175979614
BATT_MODEL_RAW:,450,44903.52828,5.0798587799,5.0076503754,0.72208404541
BATT_MODEL_RAW:,451,45003.533191,5.078836441,5.0065994263,0.72237014771
BATT_MODEL_RAW:,452,45103.538306,5.077796936,5.0055561066,0.72240829468
BATT_MODEL_RAW:,453,45203.542622,5.0767803192,5.0045166016,0.72263717651
BATT_MODEL_RAW:,454,45303.548448,5.0757312775,5.0034427643,0.72288513184
BATT_MODEL_RAW:,455,45403.553548,5.0746479034,5.0023555756,0.72292327881
BATT_MODEL_RAW:,456,45503.555531,5.073589325,5.001241684,0.72347640991
BATT_MODEL_RAW:,457,45603.562117,5.0725097656,5.0001468658,0.7236289978
BATT_MODEL_RAW:,458,45703.568088,5.0714111328,4.9990367889,0.72374343872
BATT_MODEL_RAW:,459,45803.572433,5.0702896118,4.9978885651,0.72401046753
BATT_MODEL_RAW:,460,45903.576486,5.0691795349,4.9967651367,0.72414398193
BATT_MODEL_RAW:,461,46003.581919,5.0680446625,4.9955921173,0.72452545166
BATT_MODEL_RAW:,462,46103.58765,5.0669231415,4.9944534302,0.72469711304
BATT_MODEL_RAW:,463,46203.592696,5.065826416,4.9933261871,0.72500228882
BATT_MODEL_RAW:,464,46303.600102,5.0647335052,4.9922103882,0.72523117065
BATT_MODEL_RAW:,465,46403.606488,5.0636329651,4.9910755157,0.72557449341
BATT_MODEL_RAW:,466,46503.611941,5.0625362396,4.9899539948,0.72582244873
BATT_MODEL_RAW:,467,46603.616894,5.0614185333,4.988817215,0.72601318359
BATT_MODEL_RAW:,468,46703.622894,5.0602989197,4.9876651764,0.72633743286
BATT_MODEL_RAW:,469,46803.630055,5.0591888428,4.9865322113,0.7265663147
BATT_MODEL_RAW:,470,46903.634569,5.0580921173,4.9854164124,0.72675704956
BATT_MODEL_RAW:,471,47003.641346,5.056974411,4.9842853546,0.72689056396
BATT_MODEL_RAW:,472,47103.647218,5.0558872223,4.9831638336,0.72723388672
BATT_MODEL_RAW:,473,47203.651411,5.0547466278,4.9820213318,0.72725296021
BATT_MODEL_RAW:,474,47303.655488,5.0536422729,4.9808921814,0.72750091553
BATT_MODEL_RAW:,475,47403.660646,5.0525455475,4.9797706604,0.72774887085
BATT_MODEL_RAW:,476,47503.6662,5.0514736176,4.9786701202,0.72803497314
BATT_MODEL_RAW:,477,47603.669147,5.0503578186,4.9775485992,0.7280921936
BATT_MODEL_RAW:,478,47703.674743,5.0492954254,4.9764461517,0.72849273682
BATT_MODEL_RAW:,479,47803.679485,5.048204422,4.9753475189,0.72856903076
BATT_MODEL_RAW:,480,47903.68395,5.0471134186,4.9742355347,0.72877883911
BATT_MODEL_RAW:,481,48003.687177,5.0460109711,4.9731044769,0.72906494141
BATT_MODEL_RAW:,482,48103.69191,5.0448722839,4.9719257355,0.72946548462
BATT_MODEL_RAW:,483,48203.698339,5.0437202454,4.9707374573,0.72982788086
BATT_MODEL_RAW:,484,48303.701909,5.0425109863,4.9695072174,0.73003768921
BATT_MODEL_RAW:,485,48403.706983,5.0412845612,4.968252182,0.7303237915
BATT_MODEL_RAW:,486,48503.713347,5.0400352478,4.9669818878,0.73053359985
BATT_MODEL_RAW:,487,48603.716591,5.0387821198,4.9657020569,0.73080062866
BATT_MODEL_RAW:,488,48703.72155,5.0374946594,4.9643802643,0.73114395142
BATT_MODEL_RAW:,489,48803.725064,5.0362110138,4.9630737305,0.73137283325
BATT_MODEL_RAW:,490,48903.730838,5.0349006653,4.9617214203,0.73179244995
BATT_MODEL_RAW:,491,49003.735015,5.0335865021,4.9603748322,0.73211669922
BATT_MODEL_RAW:,492,49103.739517,5.0322933197,4.9590568542,0.73236465454
BATT_MODEL_RAW:,493,49203.745637,5.030960083,4.9576931,0.73266983032
BATT_MODEL_RAW:,494,49303.749683,5.0295886993,4.956287384,0.73301315308
BATT_MODEL_RAW:,495,49403.754963,5.0282611847,4.9549045563,0.73356628418
BATT_MODEL_RAW:,496,49503.759692,5.0268745422,4.9534912109,0.73383331299
BATT_MODEL_RAW:,497,49603.764468,5.0254840851,4.9520683289,0.73415756226
BATT_MODEL_RAW:,498,49703.768489,5.0241088867,4.9506607056,0.73448181152
BATT_MODEL_RAW:,499,49803.773426,5.0227031708,4.9492321014,0.73471069336
BATT_MODEL_RAW:,500,49903.77875,5.0213127136,4.9477901459,0.73522567749
BATT_MODEL_RAW:,501,50003.783209,5.0198783875,4.9463386536,0.73539733887
BATT_MODEL_RAW:,502,50103.788644,5.0184307098,4.9448852539,0.73545455933
BATT_MODEL_RAW:,503,50203.793706,5.0169944763,4.9434185028,0.73575973511
BATT_MODEL_RAW:,504,50303.79942,5.0155391693,4.9419364929,0.73602676392
BATT_MODEL_RAW:,505,50403.803582,5.0140838623,4.9404449463,0.73638916016
BATT_MODEL_RAW:,506,50503.808875,5.0126171112,4.9389247894,0.73692321777
BATT_MODEL_RAW:,507,50603.813998,5.0111179352,4.9373874664,0.7373046875
BATT_MODEL_RAW:,508,50703.819308,5.0096206665,4.9358634949,0.73757171631
BATT_MODEL_RAW:,509,50803.825388,5.0081329346,4.9343318939,0.73801040649
BATT_MODEL_RAW:,510,50903.829206,5.0066642761,4.9328136444,0.73850631714
BATT_MODEL_RAW:,511,51003.83577,5.0051937103,4.9313182831,0.73875427246
BATT_MODEL_RAW:,512,51103.839796,5.0037097931,4.9298057556,0.73904037476
BATT_MODEL_RAW:,513,51203.844885,5.0022296906,4.9282951355,0.73934555054
BATT_MODEL_RAW:,514,51303.85393,5.0007343292,4.9267482758,0.73986053467
BATT_MODEL_RAW:,515,51403.857944,4.9992733002,4.9252662659,0.74007034302
BATT_MODEL_RAW:,516,51503.862547,4.9977989197,4.9237651825,0.74033737183
BATT_MODEL_RAW:,517,51603.866876,4.9963531494,4.9222888947,0.74064254761
BATT_MODEL_RAW:,518,51703.871604,4.9949111938,4.9208183289,0.7409286499
BATT_MODEL_RAW:,519,51803.876773,4.993478775,4.9193649292,0.74113845825
BATT_MODEL_RAW:,520,51903.880488,4.9920825958,4.9179439545,0.74138641357
BATT_MODEL_RAW:,521,52003.885914,4.9906997681,4.9165458679,0.74153900146
BATT_MODEL_RAW:,522,52103.890231,4.9893436432,4.9151744843,0.74169158936
BATT_MODEL_RAW:,523,52203.894154,4.9880065918,4.9138240814,0.74182510376
BATT_MODEL_RAW:,524,52303.899855,4.9866695404,4.9124641418,0.7420539856
BATT_MODEL_RAW:,525,52403.903343,4.9853534698,4.9111423492,0.74211120605
BATT_MODEL_RAW:,526,52503.90806,4.9840583801,4.9098320007,0.74226379395
BATT_MODEL_RAW:,527,52603.912188,4.9827613831,4.9085330963,0.74228286743
BATT_MODEL_RAW:,528,52703.917076,4.9814853668,4.9072284698,0.74256896973
BATT_MODEL_RAW:,529,52803.922849,4.9802055359,4.9059505463,0.74254989624
BATT_MODEL_RAW:,530,52903.92552,4.9789161682,4.9046459198,0.74270248413
BATT_MODEL_RAW:,531,53003.929676,4.9776268005,4.9033622742,0.74264526367
BATT_MODEL_RAW:,532,53103.932196,4.9763679504,4.9020900726,0.74277877808
BATT_MODEL_RAW:,533,53203.935109,4.9751338959,4.9008407593,0.74293136597
BATT_MODEL_RAW:,534,53303.93778,4.9739608765,4.8996715546,0.74289321899
BATT_MODEL_RAW:,535,53403.941534,4.9728527069,4.8985595703,0.74293136597
BATT_MODEL_RAW:,536,53503.944187,4.9717750549,4.8974990845,0.74275970459
BATT_MODEL_RAW:,537,53603.948187,4.9707260132,4.8964672089,0.74258804321
BATT_MODEL_RAW:,538,53703.951509,4.9697093964,4.8954658508,0.74243545532
BATT_MODEL_RAW:,539,53803.955609,4.9686794281,4.8944473267,0.7423210144
BATT_MODEL_RAW:,540,53903.963219,4.9676780701,4.8934593201,0.7421875
BATT_MODEL_RAW:,541,54003.969222,4.9666614532,4.892457962,0.74203491211
BATT_MODEL_RAW:,542,54103.976575,4.9656448364,4.8914718628,0.74172973633
BATT_MODEL_RAW:,543,54203.983449,4.9646244049,4.8904514313,0.74172973633
BATT_MODEL_RAW:,544,54303.991837,4.9636192322,4.8894309998,0.74188232422
BATT_MODEL_RAW:,545,54403.999329,4.962600708,4.8884468079,0.74153900146
BATT_MODEL_RAW:,546,54504.006418,4.9616203308,4.8874511719,0.74169158936
BATT_MODEL_RAW:,547,54604.014943,4.9606208801,4.8864631653,0.74157714844
BATT_MODEL_RAW:,548,54704.021004,4.9596233368,4.8854618073,0.74161529541
BATT_MODEL_RAW:,549,54804.028041,4.9586296082,4.8844947815,0.7413482666
BATT_MODEL_RAW:,550,54904.035773,4.9576530457,4.883523941,0.74129104614
BATT_MODEL_RAW:,551,55004.041664,4.9566555023,4.8825321198,0.74123382568
BATT_MODEL_RAW:,552,55104.048357,4.9556465149,4.8815326691,0.74113845825
BATT_MODEL_RAW:,553,55204.054603,4.9546375275,4.8805294037,0.74108123779
BATT_MODEL_RAW:,554,55304.062228,4.9536399841,4.8795471191,0.7409286499
BATT_MODEL_RAW:,555,55404.068455,4.9526309967,4.8785324097,0.74098587036
BATT_MODEL_RAW:,556,55504.074752,4.9516124725,4.8775100708,0.74102401733
BATT_MODEL_RAW:,557,55604.083339,4.9505634308,4.8765029907,0.74060440063
BATT_MODEL_RAW:,558,55704.090012,4.9495277405,4.8754787445,0.74048995972
BATT_MODEL_RAW:,559,55804.097879,4.9484901428,4.8744468689,0.74043273926
BATT_MODEL_RAW:,560,55904.104599,4.9474105835,4.8733692169,0.74041366577
BATT_MODEL_RAW:,561,56004.111033,4.9463443756,4.8723068237,0.7403755188
BATT_MODEL_RAW:,562,56104.116945,4.9452915192,4.8712558746,0.74035644531
BATT_MODEL_RAW:,563,56204.123635,4.9442195892,4.8701858521,0.74033737183
BATT_MODEL_RAW:,564,56304.131538,4.943151474,4.869140625,0.74010848999
BATT_MODEL_RAW:,565,56404.13793,4.9420795441,4.8680839539,0.7399559021
BATT_MODEL_RAW:,566,56504.14334,4.9410552979,4.8670425415,0.74012756348
BATT_MODEL_RAW:,567,56604.151163,4.9400196075,4.8660202026,0.73999404907
BATT_MODEL_RAW:,568,56704.158333,4.9389514923,4.8649578094,0.73993682861
BATT_MODEL_RAW:,569,56804.165032,4.9378681183,4.8638744354,0.73993682861
BATT_MODEL_RAW:,570,56904.171213,4.9367790222,4.8628005981,0.73978424072
BATT_MODEL_RAW:,571,57004.179667,4.9356479645,4.8616886139,0.73959350586
BATT_MODEL_RAW:,572,57104.185807,4.9345226288,4.8605556488,0.7396697998
BATT_MODEL_RAW:,573,57204.191754,4.9333972931,4.8594589233,0.73938369751
BATT_MODEL_RAW:,574,57304.199285,4.932264328,4.8583602905,0.73904037476
BATT_MODEL_RAW:,575,57404.206958,4.9311294556,4.8572216034,0.73907852173
BATT_MODEL_RAW:,576,57504.214045,4.9299468994,4.8560314178,0.73915481567
BATT_MODEL_RAW:,577,57604.220771,4.9287166595,4.8547973633,0.73919296265
BATT_MODEL_RAW:,578,57704.2291,4.9274425507,4.8535442352,0.7389831543
BATT_MODEL_RAW:,579,57804.235803,4.9261684418,4.8522663116,0.73902130127
BATT_MODEL_RAW:,580,57904.241666,4.9248733521,4.8509502411,0.73923110962
BATT_MODEL_RAW:,581,58004.250001,4.9235572815,4.8496246338,0.73932647705
BATT_MODEL_RAW:,582,58104.258613,4.9222202301,4.8482666016,0.7395362854
BATT_MODEL_RAW:,583,58204.266286,4.9208507538,4.846906662,0.73944091797
BATT_MODEL_RAW:,584,58304.272987,4.9194583893,4.8454971313,0.73961257935
BATT_MODEL_RAW:,585,58404.281377,4.9180259705,4.8440551758,0.73970794678
BATT_MODEL_RAW:,586,58504.288629,4.9165935516,4.8425960541,0.73997497559
BATT_MODEL_RAW:,587,58604.295811,4.9151420593,4.8411254883,0.74016571045
BATT_MODEL_RAW:,588,58704.303631,4.9136829376,4.8396492004,0.74033737183
BATT_MODEL_RAW:,589,58804.31244,4.9122009277,4.8381462097,0.74054718018
BATT_MODEL_RAW:,590,58904.321026,4.9106521606,4.8366088867,0.74043273926
BATT_MODEL_RAW:,591,59004.327524,4.9091453552,4.8350811005,0.74064254761
BATT_MODEL_RAW:,592,59104.335963,4.9076061249,4.8335456848,0.74060440063
BATT_MODEL_RAW:,593,59204.343369,4.9060516357,4.8319625854,0.74089050293
BATT_MODEL_RAW:,594,59304.351141,4.9044780731,4.8303966522,0.74081420898
BATT_MODEL_RAW:,595,59404.359382,4.9028911591,4.8287906647,0.74100494385
BATT_MODEL_RAW:,596,59504.36613,4.9012794495,4.8271617889,0.74117660522
BATT_MODEL_RAW:,597,59604.374774,4.8996620178,4.8255119324,0.74150085449
BATT_MODEL_RAW:,598,59704.381489,4.8980426788,4.8238773346,0.74165344238
BATT_MODEL_RAW:,599,59804.390359,4.896402359,4.822227478,0.74174880981
BATT_MODEL_RAW:,600,59904.399779,4.894744873,4.8205432892,0.74201583862
BATT_MODEL_RAW:,601,60004.407269,4.8930835724,4.8188686371,0.74214935303
BATT_MODEL_RAW:,602,60104.415877,4.8914089203,4.8171825409,0.74226379395
BATT_MODEL_RAW:,603,60204.422366,4.8897171021,4.8154754639,0.74241638184
BATT_MODEL_RAW:,604,60304.430685,4.8880023956,4.8137493134,0.74253082275
BATT_MODEL_RAW:,605,60404.43938,4.8862991333,4.812002182,0.74296951294
BATT_MODEL_RAW:,606,60504.4475,4.8845767975,4.8102626801,0.74314117432
BATT_MODEL_RAW:,607,60604.457606,4.8828868866,4.8085403442,0.74346542358
BATT_MODEL_RAW:,608,60704.464421,4.8811206818,4.80676651,0.74354171753
BATT_MODEL_RAW:,609,60804.472905,4.8793735504,4.8049983978,0.74375152588
BATT_MODEL_RAW:,610,60904.479986,4.8776397705,4.8032627106,0.74377059937
BATT_MODEL_RAW:,611,61004.48724,4.8759212494,4.8015480042,0.74373245239
BATT_MODEL_RAW:,612,61104.495685,4.8741512299,4.7997684479,0.74382781982
BATT_MODEL_RAW:,613,61204.50247,4.8724250793,4.7980060577,0.74419021606
BATT_MODEL_RAW:,614,61304.511131,4.8706588745,4.7962341309,0.74424743652
BATT_MODEL_RAW:,615,61404.518262,4.8688926697,4.7944602966,0.74432373047
BATT_MODEL_RAW:,616,61504.525942,4.8671226501,4.7926826477,0.74440002441
BATT_MODEL_RAW:,617,61604.533343,4.8653488159,4.7908878326,0.74460983276
BATT_MODEL_RAW:,618,61704.539619,4.8635692596,4.7890872955,0.74481964111
BATT_MODEL_RAW:,619,61804.545664,4.8617687225,4.7872943878,0.74474334717
BATT_MODEL_RAW:,620,61904.55388,4.8599872589,4.7854614258,0.7452583313
BATT_MODEL_RAW:,621,62004.559871,4.8582134247,4.783657074,0.74556350708
BATT_MODEL_RAW:,622,62104.566496,4.8563861847,4.781835556,0.74550628662
BATT_MODEL_RAW:,623,62204.573475,4.854598999,4.7800369263,0.74562072754
BATT_MODEL_RAW:,624,62304.57994,4.8528060913,4.7782173157,0.74588775635
BATT_MODEL_RAW:,625,62404.586745,4.8509693146,4.7763977051,0.74571609497
BATT_MODEL_RAW:,626,62504.592404,4.8491764069,4.7745857239,0.74590682983
BATT_MODEL_RAW:,627,62604.599367,4.847360611,4.7727470398,0.74613571167
BATT_MODEL_RAW:,628,62704.607237,4.8455600739,4.7709197998,0.74640274048
BATT_MODEL_RAW:,629,62804.612799,4.8437404633,4.7690849304,0.74655532837
BATT_MODEL_RAW:,630,62904.620366,4.841917038,4.7672538757,0.74663162231
BATT_MODEL_RAW:,631,63004.626859,4.8400993347,4.7654056549,0.7469367981
BATT_MODEL_RAW:,632,63104.632955,4.8382720947,4.7635669708,0.74705123901
BATT_MODEL_RAW:,633,63204.639974,4.8364295959,4.7617111206,0.74718475342
BATT_MODEL_RAW:,634,63304.646869,4.8345794678,4.7598552704,0.74724197388
BATT_MODEL_RAW:,635,63404.654263,4.8327522278,4.7580013275,0.74750900269
BATT_MODEL_RAW:,636,63504.658939,4.8309211731,4.7561397552,0.74781417847
BATT_MODEL_RAW:,637,63604.666149,4.8291149139,4.75431633,0.74798583984
BATT_MODEL_RAW:,638,63704.672988,4.8273048401,4.7525138855,0.7479095459
BATT_MODEL_RAW:,639,63804.678172,4.8254928589,4.7506904602,0.74802398682
BATT_MODEL_RAW:,640,63904.686226,4.8237018585,4.7489013672,0.74800491333
BATT_MODEL_RAW:,641,64004.692165,4.8219661713,4.7471885681,0.74777603149
BATT_MODEL_RAW:,642,64104.699604,4.8202724457,4.7454986572,0.74773788452
BATT_MODEL_RAW:,643,64204.705293,4.8185768127,4.7437973022,0.74779510498
BATT_MODEL_RAW:,644,64304.712147,4.8169155121,4.7421360016,0.74779510498
BATT_MODEL_RAW:,645,64404.721613,4.8152694702,4.7405090332,0.74760437012
BATT_MODEL_RAW:,646,64504.728271,4.8136310577,4.7388820648,0.7474899292
BATT_MODEL_RAW:,647,64604.735917,4.8120193481,4.7372817993,0.74737548828
BATT_MODEL_RAW:,648,64704.742777,4.8104190826,4.7356834412,0.74735641479
BATT_MODEL_RAW:,649,64804.751117,4.8087844849,4.7340564728,0.74728012085
BATT_MODEL_RAW:,650,64904.759132,4.8071861267,4.7324695587,0.74716567993
BATT_MODEL_RAW:,651,65004.765996,4.8055896759,4.7308750153,0.74714660645
BATT_MODEL_RAW:,652,65104.774914,4.8039913177,4.7292728424,0.74718475342
BATT_MODEL_RAW:,653,65204.781722,4.8024024963,4.7276954651,0.7470703125
BATT_MODEL_RAW:,654,65304.789809,4.800786972,4.726102829,0.74684143066
BATT_MODEL_RAW:,655,65404.798367,4.7991828918,4.7245121002,0.74670791626
BATT_MODEL_RAW:,656,65504.806855,4.7975749969,4.7228794098,0.74695587158
BATT_MODEL_RAW:,657,65604.816256,4.7959518433,4.7212715149,0.74680328369
BATT_MODEL_RAW:,658,65704.824056,4.7943840027,4.7197132111,0.74670791626
BATT_MODEL_RAW:,659,65804.83235,4.7928142548,4.7181434631,0.74670791626
BATT_MODEL_RAW:,660,65904.839345,4.7912273407,4.7165718079,0.74655532837
BATT_MODEL_RAW:,661,66004.846142,4.7896404266,4.7149887085,0.7465171814
BATT_MODEL_RAW:,662,66104.855069,4.7880744934,4.7134151459,0.74659347534
BATT_MODEL_RAW:,663,66204.861952,4.7864837646,4.7118263245,0.74657440186
BATT_MODEL_RAW:,664,66304.868417,4.7849235535,4.7102680206,0.74655532837
BATT_MODEL_RAW:,665,66404.875548,4.7832927704,4.7086658478,0.74626922607
BATT_MODEL_RAW:,666,66504.883472,4.7816562653,4.7070350647,0.74621200562
BATT_MODEL_RAW:,667,66604.88959,4.780002594,4.7053775787,0.74625015259
BATT_MODEL_RAW:,668,66704.895827,4.7782840729,4.7036457062,0.74638366699
BATT_MODEL_RAW:,669,66804.903691,4.7765846252,4.7019500732,0.74634552002
BATT_MODEL_RAW:,670,66904.91285,4.7748908997,4.7002563477,0.74634552002
BATT_MODEL_RAW:,671,67004.919378,4.7731647491,4.6985359192,0.74628829956
BATT_MODEL_RAW:,672,67104.927363,4.7714138031,4.6967887878,0.74625015259
BATT_MODEL_RAW:,673,67204.935385,4.7696418762,4.6950283051,0.74613571167
BATT_MODEL_RAW:,674,67304.941289,4.7678642273,4.6932373047,0.74626922607
BATT_MODEL_RAW:,675,67404.948317,4.7660675049,4.6914405823,0.74626922607
BATT_MODEL_RAW:,676,67504.954347,4.7642192841,4.6895866394,0.74632644653
BATT_MODEL_RAW:,677,67604.962797,4.7623653412,4.687713623,0.7465171814
BATT_MODEL_RAW:,678,67704.968733,4.7605056763,4.6858539581,0.7465171814
BATT_MODEL_RAW:,679,67804.976296,4.7585887909,4.6839237213,0.7466506958
BATT_MODEL_RAW:,680,67904.984514,4.7566757202,4.6820106506,0.7466506958
BATT_MODEL_RAW:,681,68004.989382,4.7547359467,4.6800689697,0.74666976929
BATT_MODEL_RAW:,682,68104.995266,4.7527561188,4.6780891418,0.74666976929
BATT_MODEL_RAW:,683,68205.002767,4.7507724762,4.6760902405,0.74682235718
BATT_MODEL_RAW:,684,68305.010755,4.7487754822,4.6740760803,0.74699401855
BATT_MODEL_RAW:,685,68405.019188,4.7467632294,4.6720409393,0.74722290039
BATT_MODEL_RAW:,686,68505.027011,4.7447319031,4.6699943542,0.74737548828
BATT_MODEL_RAW:,687,68605.034489,4.7426757813,4.6679210663,0.74754714966
BATT_MODEL_RAW:,688,68705.042198,4.740650177,4.6658744812,0.74775695801
BATT_MODEL_RAW:,689,68805.048587,4.7385959625,4.6638088226,0.74787139893
BATT_MODEL_RAW:,690,68905.058008,4.7364788055,4.6616649628,0.74813842773
BATT_MODEL_RAW:,691,69005.064956,4.7343521118,4.6595153809,0.74836730957
BATT_MODEL_RAW:,692,69105.07301,4.732219696,4.6573600769,0.74859619141
BATT_MODEL_RAW:,693,69205.08027,4.730096817,4.6552219391,0.7487487793
BATT_MODEL_RAW:,694,69305.08905,4.7279605865,4.6530570984,0.74903488159
BATT_MODEL_RAW:,695,69405.098114,4.7258033752,4.6508865356,0.749168396
BATT_MODEL_RAW:,696,69505.105536,4.7236442566,4.6487007141,0.7494354248
BATT_MODEL_RAW:,697,69605.115504,4.7214717865,4.6465053558,0.74966430664
BATT_MODEL_RAW:,698,69705.122893,4.7192707062,4.6442813873,0.74989318848
BATT_MODEL_RAW:,699,69805.130074,4.7170791626,4.6420631409,0.75016021729
BATT_MODEL_RAW:,700,69905.138518,4.7148647308,4.6398468018,0.75017929077
BATT_MODEL_RAW:,701,70005.146059,4.7126560211,4.6376132965,0.75042724609
BATT_MODEL_RAW:,702,70105.154132,4.7104530334,4.6354045868,0.75048446655
BATT_MODEL_RAW:,703,70205.160948,4.7082118988,4.6331539154,0.75057983398
BATT_MODEL_RAW:,704,70305.169414,4.7059764862,4.6308898926,0.75086593628
BATT_MODEL_RAW:,705,70405.176154,4.7037277222,4.6285972595,0.75130462646
BATT_MODEL_RAW:,706,70505.184376,4.7014484406,4.6262950897,0.7515335083
BATT_MODEL_RAW:,707,70605.191521,4.6991004944,4.6239070892,0.75193405151
BATT_MODEL_RAW:,708,70705.199863,4.6967353821,4.6215457916,0.75189590454
BATT_MODEL_RAW:,709,70805.206977,4.6943454742,4.6191158295,0.75229644775
BATT_MODEL_RAW:,710,70905.213529,4.6919651031,4.6166763306,0.75288772583
BATT_MODEL_RAW:,711,71005.22058,4.6895256042,4.6142215729,0.75304031372
BATT_MODEL_RAW:,712,71105.227295,4.6870994568,4.6117553711,0.75344085693
BATT_MODEL_RAW:,713,71205.235816,4.6846466064,4.6092948914,0.75351715088
BATT_MODEL_RAW:,714,71305.241938,4.6822166443,4.6068058014,0.75410842896
BATT_MODEL_RAW:,715,71405.249928,4.6797561646,4.6043338776,0.75422286987
BATT_MODEL_RAW:,716,71505.257964,4.6772518158,4.601808548,0.75443267822
BATT_MODEL_RAW:,717,71605.264002,4.6748065948,4.5993175507,0.75489044189
BATT_MODEL_RAW:,718,71705.274001,4.6723594666,4.5968399048,0.75519561768
BATT_MODEL_RAW:,719,71805.281526,4.6699333191,4.594379425,0.75553894043
BATT_MODEL_RAW:,720,71905.288523,4.6674556732,4.5918922424,0.75563430786
BATT_MODEL_RAW:,721,72005.295182,4.6650028229,4.5893917084,0.75611114502
BATT_MODEL_RAW:,722,72105.301805,4.6625118256,4.5868816376,0.75630187988
BATT_MODEL_RAW:,723,72205.309027,4.6600112915,4.5843524933,0.75658798218
BATT_MODEL_RAW:,724,72305.312536,4.6575012207,4.5818157196,0.75685501099
BATT_MODEL_RAW:,725,72405.320644,4.6550064087,4.5792827606,0.75723648071
BATT_MODEL_RAW:,726,72505.327021,4.6524810791,4.5767173767,0.75763702393
BATT_MODEL_RAW:,727,72605.333802,4.6499462128,4.5741558075,0.75790405273
BATT_MODEL_RAW:,728,72705.341094,4.6474075317,4.5715961456,0.75811386108
BATT_MODEL_RAW:,729,72805.347868,4.6448402405,4.5690002441,0.75839996338
BATT_MODEL_RAW:,730,72905.354749,4.642282486,4.56640625,0.75876235962
BATT_MODEL_RAW:,731,73005.358862,4.63971138,4.5637931824,0.75918197632
BATT_MODEL_RAW:,732,73105.36565,4.6371250153,4.5611877441,0.75937271118
BATT_MODEL_RAW:,733,73205.372566,4.634513855,4.5585212708,0.75992584229
BATT_MODEL_RAW:,734,73305.378471,4.6319122314,4.5558757782,0.76036453247
BATT_MODEL_RAW:,735,73405.385863,4.6292610168,4.5532016754,0.76059341431
BATT_MODEL_RAW:,736,73505.393475,4.6266059875,4.5505123138,0.76093673706
BATT_MODEL_RAW:,737,73605.401152,4.6239414215,4.5477962494,0.76145172119
BATT_MODEL_RAW:,738,73705.406046,4.6212368011,4.5450592041,0.76177597046
BATT_MODEL_RAW:,739,73805.413348,4.6185398102,4.5423202515,0.76219558716
BATT_MODEL_RAW:,740,73905.419352,4.6158084869,4.5395641327,0.76244354248
BATT_MODEL_RAW:,741,74005.424139,4.613117218,4.5368328094,0.76284408569
BATT_MODEL_RAW:,742,74105.431287,4.6104373932,4.5341014862,0.76335906982
BATT_MODEL_RAW:,743,74205.438729,4.6077308655,4.5313453674,0.76385498047
BATT_MODEL_RAW:,744,74305.445532,4.6050128937,4.5285930634,0.76419830322
BATT_MODEL_RAW:,745,74405.451423,4.6022758484,4.525812149,0.76463699341
BATT_MODEL_RAW:,746,74505.458042,4.59948349,4.5230102539,0.76473236084
BATT_MODEL_RAW:,747,74605.464009,4.5966682434,4.5201244354,0.76543807983
BATT_MODEL_RAW:,748,74705.470168,4.5938453674,4.5172805786,0.76564788818
BATT_MODEL_RAW:,749,74805.476727,4.5910205841,4.5144309998,0.76589584351
BATT_MODEL_RAW:,750,74905.484302,4.5882148743,4.5115756989,0.76639175415
BATT_MODEL_RAW:,751,75005.491583,4.585395813,4.5087051392,0.76690673828
BATT_MODEL_RAW:,752,75105.496448,4.58253479,4.5058097839,0.76725006104
BATT_MODEL_RAW:,753,75205.503439,4.5796661377,4.5028686523,0.76797485352
BATT_MODEL_RAW:,754,75305.510128,4.5767707825,4.4999656677,0.76805114746
BATT_MODEL_RAW:,755,75405.516927,4.5738716125,4.4970188141,0.76852798462
BATT_MODEL_RAW:,756,75505.524019,4.5709648132,4.4940948486,0.768699646
BATT_MODEL_RAW:,757,75605.529842,4.5680122375,4.4910945892,0.76917648315
BATT_MODEL_RAW:,758,75705.536504,4.5650253296,4.488073349,0.76951980591
BATT_MODEL_RAW:,759,75805.539982,4.5620689392,4.4850559235,0.77013015747
BATT_MODEL_RAW:,760,75905.549044,4.559053421,4.482006073,0.77047348022
BATT_MODEL_RAW:,761,76005.556323,4.5560073853,4.4789333344,0.77074050903
BATT_MODEL_RAW:,762,76105.563018,4.5529518127,4.4758071899,0.77144622803
BATT_MODEL_RAW:,763,76205.570965,4.5498714447,4.4726772308,0.77194213867
BATT_MODEL_RAW:,764,76305.576515,4.5467605591,4.4695129395,0.77247619629
BATT_MODEL_RAW:,765,76405.584159,4.5436439514,4.466337204,0.77306747437
BATT_MODEL_RAW:,766,76505.589422,4.5405158997,4.4631576538,0.7735824585
BATT_MODEL_RAW:,767,76605.597929,4.5373153687,4.4599246979,0.77390670776
BATT_MODEL_RAW:,768,76705.605286,4.5340976715,4.4566650391,0.77432632446
BATT_MODEL_RAW:,769,76805.612459,4.5308246613,4.4533367157,0.77487945557
BATT_MODEL_RAW:,770,76905.621004,4.5274868011,4.4499397278,0.77547073364
BATT_MODEL_RAW:,771,77005.62861,4.5241699219,4.4465637207,0.77606201172
BATT_MODEL_RAW:,772,77105.63394,4.5207862854,4.4431362152,0.7765007019
BATT_MODEL_RAW:,773,77205.639822,4.5173778534,4.4396877289,0.77690124512
BATT_MODEL_RAW:,774,77305.64554,4.5139808655,4.4362430573,0.77737808228
BATT_MODEL_RAW:,775,77405.651537,4.5104618073,4.4326858521,0.777759552
BATT_MODEL_RAW:,776,77505.656486,4.5069637299,4.4291305542,0.77833175659
BATT_MODEL_RAW:,777,77605.663889,4.503446579,4.4255542755,0.77892303467
BATT_MODEL_RAW:,778,77705.671316,4.499917984,4.4219818115,0.77936172485
BATT_MODEL_RAW:,779,77805.675498,4.4963169098,4.4183483124,0.77968597412
BATT_MODEL_RAW:,780,77905.682049,4.4927482605,4.4146957397,0.78052520752
BATT_MODEL_RAW:,781,78005.688198,4.4891376495,4.4110603333,0.78077316284
BATT_MODEL_RAW:,782,78105.693911,4.4855651855,4.4074039459,0.78161239624
BATT_MODEL_RAW:,783,78205.699325,4.4819049835,4.4037513733,0.78153610229
BATT_MODEL_RAW:,784,78305.706593,4.478263855,4.4000682831,0.78195571899
BATT_MODEL_RAW:,785,78405.714402,4.4746055603,4.3963489532,0.78256607056
BATT_MODEL_RAW:,786,78505.721088,4.4708843231,4.3925933838,0.78290939331
BATT_MODEL_RAW:,787,78605.728173,4.4671764374,4.388841629,0.7833480835
BATT_MODEL_RAW:,788,78705.734353,4.4633827209,4.3850002289,0.78382492065
BATT_MODEL_RAW:,789,78805.740515,4.4596004486,4.3811588287,0.78441619873
BATT_MODEL_RAW:,790,78905.746014,4.4557971954,4.3773040771,0.78493118286
BATT_MODEL_RAW:,791,79005.754834,4.4519863129,4.3734378815,0.78548431396
BATT_MODEL_RAW:,792,79105.762758,4.4481582642,4.3695793152,0.78578948975
BATT_MODEL_RAW:,793,79205.768941,4.4442939758,4.3656730652,0.78620910645
BATT_MODEL_RAW:,794,79305.775341,4.4404201508,4.3617477417,0.78672409058
BATT_MODEL_RAW:,795,79405.780158,4.4365406036,4.3578205109,0.78720092773
BATT_MODEL_RAW:,796,79505.78818,4.4326019287,4.3538455963,0.78756332397
BATT_MODEL_RAW:,797,79605.792751,4.4286651611,4.3498764038,0.78788757324
BATT_MODEL_RAW:,798,79705.800467,4.4246997833,4.3458538055,0.78845977783
BATT_MODEL_RAW:,799,79805.808242,4.420671463,4.3417930603,0.7887840271
BATT_MODEL_RAW:,800,79905.813243,4.4165935516,4.3376598358,0.7893371582
BATT_MODEL_RAW:,801,80005.821475,4.4125328064,4.3335590363,0.78973770142
BATT_MODEL_RAW:,802,80105.828271,4.4085273743,4.3295116425,0.79015731812
BATT_MODEL_RAW:,803,80205.834538,4.4045352936,4.3254833221,0.79051971436
BATT_MODEL_RAW:,804,80305.839573,4.4005699158,4.3214797974,0.79090118408
BATT_MODEL_RAW:,805,80405.844986,4.3965950012,4.3174800873,0.7911491394
BATT_MODEL_RAW:,806,80505.852689,4.392578125,4.31341362,0.79164505005
BATT_MODEL_RAW:,807,80605.857147,4.3885860443,4.3093929291,0.79193115234
BATT_MODEL_RAW:,808,80705.864069,4.3846416473,4.3054046631,0.79236984253
BATT_MODEL_RAW:,809,80805.871083,4.3806877136,4.301410675,0.79277038574
BATT_MODEL_RAW:,810,80905.876593,4.3766555786,4.2973251343,0.79330444336
BATT_MODEL_RAW:,811,81005.883974,4.3726196289,4.2932376862,0.79381942749
BATT_MODEL_RAW:,812,81105.8916,4.3685913086,4.2891674042,0.79423904419
BATT_MODEL_RAW:,813,81205.898779,4.3645992279,4.2850952148,0.79504013062
BATT_MODEL_RAW:,814,81305.904565,4.3605384827,4.2809944153,0.79544067383
BATT_MODEL_RAW:,815,81405.91237,4.3565063477,4.2769165039,0.7958984375
BATT_MODEL_RAW:,816,81505.920568,4.3524608612,4.2727813721,0.79679489136
BATT_MODEL_RAW:,817,81605.927462,4.3484134674,4.2686424255,0.7977104187
BATT_MODEL_RAW:,818,81705.933239,4.3444137573,4.2645359039,0.79877853394
BATT_MODEL_RAW:,819,81805.940651,4.3404426575,4.2604312897,0.80011367798
BATT_MODEL_RAW:,820,81905.948525,4.3364849091,4.2563457489,0.80139160156
BATT_MODEL_RAW:,821,82005.953623,4.3325786591,4.2522983551,0.80280303955
BATT_MODEL_RAW:,822,82105.960224,4.3286972046,4.2482681274,0.80429077148
BATT_MODEL_RAW:,823,82205.967649,4.324836731,4.2442378998,0.80598831177
BATT_MODEL_RAW:,824,82305.973169,4.3210163116,4.2402362823,0.80780029297
BATT_MODEL_RAW:,825,82405.979461,4.3172225952,4.2362346649,0.80987930298
BATT_MODEL_RAW:,826,82505.987748,4.3134403229,4.2322425842,0.81197738647
BATT_MODEL_RAW:,827,82605.996107,4.3097019196,4.2282905579,0.81411361694
BATT_MODEL_RAW:,828,82706.003186,4.3060016632,4.2243404388,0.81661224365
BATT_MODEL_RAW:,829,82806.010726,4.3023204803,4.2203865051,0.8193397522
BATT_MODEL_RAW:,830,82906.016977,4.2986793518,4.2164897919,0.82189559937
BATT_MODEL_RAW:,831,83006.023225,4.295042038,4.2125530243,0.82489013672
BATT_MODEL_RAW:,832,83106.030034,4.2914810181,4.2086601257,0.82820892334
BATT_MODEL_RAW:,833,83206.036289,4.2879562378,4.2047958374,0.83160400391
BATT_MODEL_RAW:,834,83306.044632,4.2843780518,4.2008876801,0.83490371704
BATT_MODEL_RAW:,835,83406.051341,4.2808513641,4.1970233917,0.83827972412
BATT_MODEL_RAW:,836,83506.059478,4.2772960663,4.1930999756,0.84196090698
BATT_MODEL_RAW:,837,83606.066716,4.2737846375,4.189207077,0.84577560425
BATT_MODEL_RAW:,838,83706.072047,4.2702560425,4.1853027344,0.84953308105
BATT_MODEL_RAW:,839,83806.078435,4.2666511536,4.1813106537,0.85340499878
BATT_MODEL_RAW:,840,83906.085041,4.2630767822,4.1773204803,0.8575630188
BATT_MODEL_RAW:,841,84006.092693,4.2595157623,4.1733665466,0.86149215698
BATT_MODEL_RAW:,842,84106.098873,4.2559890747,4.1693878174,0.86601257324
BATT_MODEL_RAW:,843,84206.106639,4.2523784637,4.1653709412,0.87007522583
BATT_MODEL_RAW:,844,84306.114394,4.2488231659,4.1614189148,0.87404251099
BATT_MODEL_RAW:,845,84406.118767,4.2451915741,4.157377243,0.87814331055
BATT_MODEL_RAW:,846,84506.124959,4.2414989471,4.1532878876,0.8821105957
BATT_MODEL_RAW:,847,84606.128443,4.2378482819,4.1492023468,0.88645935059
BATT_MODEL_RAW:,848,84706.132109,4.2341022491,4.1450691223,0.89033126831
BATT_MODEL_RAW:,849,84806.134984,4.2303905487,4.1409187317,0.89471817017
BATT_MODEL_RAW:,850,84906.138685,4.2266368866,4.1367549896,0.89881896973
BATT_MODEL_RAW:,851,85006.141622,4.2228603363,4.1325798035,0.90280532837
BATT_MODEL_RAW:,852,85106.142315,4.2190322876,4.1283092499,0.9072303772
BATT_MODEL_RAW:,853,85206.144526,4.2151317596,4.1240119934,0.91119766235
BATT_MODEL_RAW:,854,85306.147107,4.2111968994,4.1196556091,0.91541290283
BATT_MODEL_RAW:,855,85406.150215,4.2073078156,4.115354538,0.91953277588
BATT_MODEL_RAW:,856,85506.150826,4.2033901215,4.1110725403,0.92317581177
BATT_MODEL_RAW:,857,85606.154601,4.1994438171,4.1067237854,0.92720031738
BATT_MODEL_RAW:,858,85706.156824,4.195482254,4.1023750305,0.93107223511
BATT_MODEL_RAW:,859,85806.159678,4.1915035248,4.0980262756,0.93477249146
BATT_MODEL_RAW:,860,85906.162761,4.1874637604,4.0936164856,0.9384727478
BATT_MODEL_RAW:,861,86006.165744,4.1833896637,4.0891914368,0.94198226929
BATT_MODEL_RAW:,862,86106.169639,4.1792259216,4.0846557617,0.94570159912
BATT_MODEL_RAW:,863,86206.170673,4.1751861572,4.0802249908,0.94961166382
BATT_MODEL_RAW:,864,86306.175333,4.1711616516,4.0758323669,0.95329284668
BATT_MODEL_RAW:,865,86406.178459,4.1671676636,4.0714817047,0.95685958862
BATT_MODEL_RAW:,866,86506.180853,4.163143158,4.0671215057,0.96021652222
BATT_MODEL_RAW:,867,86606.184616,4.1591529846,4.0627651215,0.96387863159
BATT_MODEL_RAW:,868,86706.187343,4.1551361084,4.058391571,0.96744537354
BATT_MODEL_RAW:,869,86806.192632,4.1511707306,4.0540809631,0.97089767456
BATT_MODEL_RAW:,870,86906.195552,4.1472148895,4.0498256683,0.97389221191
BATT_MODEL_RAW:,871,87006.199845,4.1431713104,4.0454387665,0.97732543945
BATT_MODEL_RAW:,872,87106.202919,4.1391487122,4.0410556793,0.98093032837
BATT_MODEL_RAW:,873,87206.204847,4.1351203918,4.0367050171,0.98415374756
BATT_MODEL_RAW:,874,87306.208295,4.1310310364,4.032251358,0.98779678345
BATT_MODEL_RAW:,875,87406.212058,4.1268081665,4.0276908875,0.99117279053
BATT_MODEL_RAW:,876,87506.214969,4.1226348877,4.0231571198,0.99477767944
BATT_MODEL_RAW:,877,87606.217289,4.1184310913,4.0186138153,0.99817276001
BATT_MODEL_RAW:,878,87706.22332,4.1141643524,4.0140209198,1.0014343262
BATT_MODEL_RAW:,879,87806.226025,4.1098766327,4.0093803406,1.0049629211
BATT_MODEL_RAW:,880,87906.230714,4.1055221558,4.0046863556,1.0083580017
BATT_MODEL_RAW:,881,88006.23388,4.1012325287,4.0000553131,1.0117721558
BATT_MODEL_RAW:,882,88106.237486,4.0969810486,3.995470047,1.0151100159
BATT_MODEL_RAW:,883,88206.241542,4.0927524567,3.9909095764,1.0184288025
BATT_MODEL_RAW:,884,88306.244254,4.088432312,3.9863014221,1.0213088989
BATT_MODEL_RAW:,885,88406.248801,4.0841255188,3.9816875458,1.0243797302
BATT_MODEL_RAW:,886,88506.252653,4.0797615051,3.9769897461,1.0277175903
BATT_MODEL_RAW:,887,88606.256688,4.0754699707,3.9723796844,1.0309028625
BATT_MODEL_RAW:,888,88706.261406,4.0710754395,3.9676704407,1.0340499878
BATT_MODEL_RAW:,889,88806.266449,4.0666503906,3.962928772,1.0372161865
BATT_MODEL_RAW:,890,88906.27012,4.062166214,3.9581356049,1.0403060913
BATT_MODEL_RAW:,891,89006.273351,4.0576286316,3.9532737732,1.043548584
BATT_MODEL_RAW:,892,89106.279931,4.0530433655,3.9484043121,1.0463905334
BATT_MODEL_RAW:,893,89206.285058,4.0484981537,3.9435501099,1.0494804382
BATT_MODEL_RAW:,894,89306.288858,4.0439281464,3.9386615753,1.0526657104
BATT_MODEL_RAW:,895,89406.293695,4.0391712189,3.9336490631,1.0552215576
BATT_MODEL_RAW:,896,89506.298604,4.0344429016,3.9285793304,1.0586357117
BATT_MODEL_RAW:,897,89606.30154,4.0296001434,3.9234466553,1.0615348816
BATT_MODEL_RAW:,898,89706.30514,4.0247097015,3.9182739258,1.0643577576
BATT_MODEL_RAW:,899,89806.30967,4.0197792053,3.9130573273,1.0672187805
BATT_MODEL_RAW:,900,89906.313392,4.0147418976,3.9077396393,1.070022583
BATT_MODEL_RAW:,901,90006.317822,4.0097389221,3.9023933411,1.0734558105
BATT_MODEL_RAW:,902,90106.322062,4.0045681,3.8970584869,1.0750961304
BATT_MODEL_RAW:,903,90206.328331,3.999370575,3.8916015625,1.0776901245
BATT_MODEL_RAW:,904,90306.332193,3.9942378998,3.8862171173,1.0802078247
BATT_MODEL_RAW:,905,90406.33735,3.9887638092,3.8804912567,1.0827255249
BATT_MODEL_RAW:,906,90506.342298,3.9833583832,3.8748569489,1.0850143433
BATT_MODEL_RAW:,907,90606.345865,3.9778556824,3.8691272736,1.0872840881
BATT_MODEL_RAW:,908,90706.349196,3.9723491669,3.8633766174,1.0897254944
BATT_MODEL_RAW:,909,90806.351722,3.9668178558,3.8576335907,1.0918426514
BATT_MODEL_RAW:,910,90906.357333,3.961151123,3.8517951965,1.0935592651
BATT_MODEL_RAW:,911,91006.359275,3.9554958344,3.8459758759,1.095199585
BATT_MODEL_RAW:,912,91106.361702,3.9496650696,3.8399467468,1.0971832275
BATT_MODEL_RAW:,913,91206.367172,3.9438743591,3.8339633942,1.0991096497
BATT_MODEL_RAW:,914,91306.370981,3.9379749298,3.8279018402,1.100730896
BATT_MODEL_RAW:,915,91406.37369,3.9319324493,3.8216743469,1.1025810242
BATT_MODEL_RAW:,916,91506.3784,3.9258651733,3.8154563904,1.1040878296
BATT_MODEL_RAW:,917,91606.382599,3.9196891785,3.8090896606,1.1059951782
BATT_MODEL_RAW:,918,91706.386562,3.9134654999,3.8026790619,1.1078643799
BATT_MODEL_RAW:,919,91806.39197,3.9069862366,3.7960777283,1.109085083
BATT_MODEL_RAW:,920,91906.394857,3.9003925323,3.7892913818,1.1110115051
BATT_MODEL_RAW:,921,92006.399123,3.8936977386,3.7824401855,1.112575531
BATT_MODEL_RAW:,922,92106.400073,3.8868789673,3.7754535675,1.1142539978
BATT_MODEL_RAW:,923,92206.405339,3.879983902,3.7684001923,1.1158370972
BATT_MODEL_RAW:,924,92306.408518,3.8729248047,3.7612113953,1.1171340942
BATT_MODEL_RAW:,925,92406.410163,3.8656616211,3.7537593842,1.1190223694
BATT_MODEL_RAW:,926,92506.413713,3.8582229614,3.7462425232,1.1198043823
BATT_MODEL_RAW:,927,92606.416078,3.8508319855,3.7387123108,1.1211967468
BATT_MODEL_RAW:,928,92706.420354,3.8433666229,3.7311286926,1.122379303
BATT_MODEL_RAW:,929,92806.421695,3.8357791901,3.7233982086,1.1238098145
BATT_MODEL_RAW:,930,92906.426238,3.8280506134,3.715549469,1.1250114441
BATT_MODEL_RAW:,931,93006.430377,3.8201999664,3.7076015472,1.1259841919
BATT_MODEL_RAW:,932,93106.43202,3.8122177124,3.699514389,1.1270332336
BATT_MODEL_RAW:,933,93206.435166,3.8041343689,3.6913204193,1.1281394958
BATT_MODEL_RAW:,934,93306.43947,3.7958602905,3.6829414368,1.1291885376
BATT_MODEL_RAW:,935,93406.441598,3.7875041962,3.6744918823,1.1301231384
BATT_MODEL_RAW:,936,93506.444603,3.779006958,3.6659049988,1.1310195923
BATT_MODEL_RAW:,937,93606.44983,3.7705135345,3.6573410034,1.1317253113
BATT_MODEL_RAW:,938,93706.454236,3.7618484497,3.6485996246,1.1324882507
BATT_MODEL_RAW:,939,93806.456884,3.7530765533,3.639755249,1.1332130432
BATT_MODEL_RAW:,940,93906.458997,3.7442150116,3.6307563782,1.1345863342
BATT_MODEL_RAW:,941,94006.462269,3.7349948883,3.621509552,1.134853363
BATT_MODEL_RAW:,942,94106.467408,3.7257785797,3.6122360229,1.1354255676
BATT_MODEL_RAW:,943,94206.469382,3.7161540985,3.6025314331,1.1362266541
BATT_MODEL_RAW:,944,94306.474309,3.7063903809,3.5926895142,1.137008667
BATT_MODEL_RAW:,945,94406.476217,3.6964225769,3.5826568604,1.1376571655
BATT_MODEL_RAW:,946,94506.478602,3.6863269806,3.5724411011,1.1388587952
BATT_MODEL_RAW:,947,94606.482738,3.6759414673,3.5620117188,1.1392974854
BATT_MODEL_RAW:,948,94706.486989,3.6653232574,3.5513725281,1.1395072937
BATT_MODEL_RAW:,949,94806.493435,3.6546096802,3.5405311584,1.1407852173
BATT_MODEL_RAW:,950,94906.497022,3.6437492371,3.5296669006,1.1408233643
BATT_MODEL_RAW:,951,95006.502225,3.6326446533,3.5185050964,1.1413955688
BATT_MODEL_RAW:,952,95106.504987,3.6212043762,3.5070381165,1.1416625977
BATT_MODEL_RAW:,953,95206.508191,3.6097717285,3.4955368042,1.1423492432
BATT_MODEL_RAW:,954,95306.511634,3.5980377197,3.4837684631,1.1426925659
BATT_MODEL_RAW:,955,95406.515478,3.5861549377,3.4718551636,1.1429977417
BATT_MODEL_RAW:,956,95506.516797,3.5739898682,3.4595947266,1.143951416
BATT_MODEL_RAW:,957,95606.519017,3.5616455078,3.4472198486,1.1442565918
BATT_MODEL_RAW:,958,95706.522799,3.5489654541,3.4345092773,1.1445617676
BATT_MODEL_RAW:,959,95806.52514,3.5360641479,3.4215812683,1.1448287964
BATT_MODEL_RAW:,960,95906.527369,3.5229301453,3.4084205627,1.1450958252
BATT_MODEL_RAW:,961,96006.529455,3.5095558167,3.3950119019,1.1454391479
BATT_MODEL_RAW:,962,96106.53218,3.4960441589,3.3814582825,1.1458587646
BATT_MODEL_RAW:,963,96206.533739,3.482334137,3.3675346375,1.1479949951
BATT_MODEL_RAW:,964,96306.536162,3.4681549072,3.353477478,1.146774292
BATT_MODEL_RAW:,965,96406.540969,3.4536514282,3.3389320374,1.1471939087
BATT_MODEL_RAW:,966,96506.544816,3.4389190674,3.3241119385,1.1480712891
BATT_MODEL_RAW:,967,96606.54996,3.4238624573,3.3090400696,1.148223877
BATT_MODEL_RAW:,968,96706.553992,3.4083976746,3.2935447693,1.1485290527
BATT_MODEL_RAW:,969,96806.558763,3.3929710388,3.2780380249,1.1493301392
BATT_MODEL_RAW:,970,96906.55966,3.3771018982,3.2621574402,1.1494445801
BATT_MODEL_RAW:,971,97006.563445,3.3610458374,3.2460899353,1.149559021
BATT_MODEL_RAW:,972,97106.566876,3.3447761536,3.2297706604,1.1500549316
BATT_MODEL_RAW:,973,97206.569278,3.3283042908,3.21326828,1.1503601074
BATT_MODEL_RAW:,974,97306.572942,3.3116226196,3.1964645386,1.1515808105
BATT_MODEL_RAW.capacity:,2.7029603595

BATT_MODEL:,Index,Timestamp,Voc,Vload,ESR
BATT_MODEL:,1,97306.538101,3.3116226196,3.1964645386,1.1515808105
BATT_MODEL:,2,96306.501321,3.4681549072,3.353477478,1.146774292
BATT_MODEL:,3,95406.480637,3.5861549377,3.4718551636,1.1429977417
BATT_MODEL:,4,94406.441377,3.6964225769,3.5826568604,1.1376571655
BATT_MODEL:,5,93406.406757,3.7875041962,3.6744918823,1.1301231384
BATT_MODEL:,6,92406.375322,3.8656616211,3.7537593842,1.1190223694
BATT_MODEL:,7,91506.34356,3.9258651733,3.8154563904,1.1040878296
BATT_MODEL:,8,90506.307457,3.9833583832,3.8748569489,1.0850143433
BATT_MODEL:,9,89506.263763,4.0344429016,3.9285793304,1.0586357117
BATT_MODEL:,10,88506.217812,4.0797615051,3.9769897461,1.0277175903
BATT_MODEL:,11,87606.182448,4.1184310913,4.0186138153,0.99817276001
BATT_MODEL:,12,86606.149775,4.1591529846,4.0627651215,0.96387863159
BATT_MODEL:,13,85606.11976,4.1994438171,4.1067237854,0.92720031738
BATT_MODEL:,14,84706.097268,4.2341022491,4.1450691223,0.89033126831
BATT_MODEL:,15,83706.037206,4.2702560425,4.1853027344,0.84953308105
BATT_MODEL:,16,82705.968345,4.3060016632,4.2243404388,0.81661224365
BATT_MODEL:,17,81705.898398,4.3444137573,4.2645359039,0.79877853394
BATT_MODEL:,18,80805.836242,4.3806877136,4.301410675,0.79277038574
BATT_MODEL:,19,79805.773401,4.420671463,4.3417930603,0.7887840271
BATT_MODEL:,20,78805.705674,4.4596004486,4.3811588287,0.78441619873
BATT_MODEL:,21,77805.640657,4.4963169098,4.4183483124,0.77968597412
BATT_MODEL:,22,76905.586163,4.5274868011,4.4499397278,0.77547073364
BATT_MODEL:,23,75905.514203,4.559053421,4.482006073,0.77047348022
BATT_MODEL:,24,74905.449461,4.5882148743,4.5115756989,0.76639175415
BATT_MODEL:,25,73905.384511,4.6158084869,4.5395641327,0.76244354248
BATT_MODEL:,26,73005.324021,4.63971138,4.5637931824,0.75918197632
BATT_MODEL:,27,72005.260341,4.6650028229,4.5893917084,0.75611114502
BATT_MODEL:,28,71005.185739,4.6895256042,4.6142215729,0.75304031372
BATT_MODEL:,29,70105.119291,4.7104530334,4.6354045868,0.75048446655
BATT_MODEL:,30,69105.038169,4.732219696,4.6573600769,0.74859619141
BATT_MODEL:,31,68104.960425,4.7527561188,4.6780891418,0.74666976929
BATT_MODEL:,32,67104.892522,4.7714138031,4.6967887878,0.74625015259
BATT_MODEL:,33,66204.827111,4.7864837646,4.7118263245,0.74657440186
BATT_MODEL:,34,65204.746881,4.8024024963,4.7276954651,0.7470703125
BATT_MODEL:,35,64204.670452,4.8185768127,4.7437973022,0.74779510498
BATT_MODEL:,36,63204.605133,4.8364295959,4.7617111206,0.74718475342
BATT_MODEL:,37,62304.545099,4.8528060913,4.7782173157,0.74588775635
BATT_MODEL:,38,61304.47629,4.8706588745,4.7962341309,0.74424743652
BATT_MODEL:,39,60304.395844,4.8880023956,4.8137493134,0.74253082275
BATT_MODEL:,40,59404.324541,4.9028911591,4.8287906647,0.74100494385
BATT_MODEL:,41,58404.246536,4.9180259705,4.8440551758,0.73970794678
BATT_MODEL:,42,57404.172117,4.9311294556,4.8572216034,0.73907852173
BATT_MODEL:,43,56404.103089,4.9420795441,4.8680839539,0.7399559021
BATT_MODEL:,44,55504.039911,4.9516124725,4.8775100708,0.74102401733
BATT_MODEL:,45,54503.971577,4.9616203308,4.8874511719,0.74169158936
BATT_MODEL:,46,53503.909346,4.9717750549,4.8974990845,0.74275970459
BATT_MODEL:,47,52503.873219,4.9840583801,4.9098320007,0.74226379395
BATT_MODEL:,48,51603.832036,4.9963531494,4.9222888947,0.74064254761
BATT_MODEL:,49,50603.779157,5.0111179352,4.9373874664,0.7373046875
BATT_MODEL:,50,49603.729627,5.0254840851,4.9520683289,0.73415756226
BATT_MODEL:,51,48603.68175,5.0387821198,4.9657020569,0.73080062866
BATT_MODEL:,52,47703.639903,5.0492954254,4.9764461517,0.72849273682
BATT_MODEL:,53,46703.588053,5.0602989197,4.9876651764,0.72633743286
BATT_MODEL:,54,45703.533247,5.0714111328,4.9990367889,0.72374343872
BATT_MODEL:,55,44803.486327,5.0808887482,5.0087127686,0.72175979614
BATT_MODEL:,56,43803.436311,5.0909366608,5.0189628601,0.71973800659
BATT_MODEL:,57,42803.379367,5.1005916595,5.0288124084,0.71779251099
BATT_MODEL:,58,41803.302782,5.1099338531,5.0383453369,0.71588516235
BATT_MODEL:,59,40903.231301,5.1183338165,5.0468349457,0.7149887085
BATT_MODEL:,60,39903.153503,5.1277351379,5.056432724,0.7130241394
BATT_MODEL:,61,38903.079437,5.1371707916,5.0660572052,0.71113586426
BATT_MODEL:,62,37902.999347,5.1463184357,5.0753746033,0.70943832397
BATT_MODEL:,63,37002.929005,5.1546039581,5.0837745667,0.70829391479
BATT_MODEL:,64,36002.845202,5.1647491455,5.0941238403,0.70625305176
BATT_MODEL:,65,35002.760044,5.1764087677,5.1061229706,0.70285797119
BATT_MODEL:,66,34102.687915,5.1877059937,5.1177883148,0.69917678833
BATT_MODEL:,67,33102.610233,5.2005996704,5.1311035156,0.69496154785
BATT_MODEL:,68,32102.524161,5.2137813568,5.1447582245,0.69023132324
BATT_MODEL:,69,31102.450116,5.2273082733,5.1587753296,0.68532943726
BATT_MODEL:,70,30202.380792,5.239780426,5.1717395782,0.68040847778
BATT_MODEL:,71,29202.311981,5.2540664673,5.1865100861,0.67556381226
BATT_MODEL:,72,28202.231647,5.2688083649,5.2017745972,0.670337677
BATT_MODEL:,73,27202.151569,5.2840518951,5.2175655365,0.66486358643
BATT_MODEL:,74,26302.083276,5.2982845306,5.2323074341,0.65977096558
BATT_MODEL:,75,25302.00686,5.3146533966,5.2492599487,0.65393447876
BATT_MODEL:,76,24301.929056,5.3317203522,5.2668647766,0.64855575562
BATT_MODEL:,77,23401.855425,5.347738266,5.283411026,0.6432723999
BATT_MODEL:,78,22401.770026,5.3663139343,5.3025302887,0.6378364563
BATT_MODEL:,79,21401.689274,5.3857574463,5.3225002289,0.63257217407
BATT_MODEL:,80,20401.605095,5.406003952,5.3433036804,0.62700271606
BATT_MODEL:,81,19501.527575,5.4249229431,5.3626480103,0.62274932861
BATT_MODEL:,82,18501.441204,5.4464302063,5.3847236633,0.61706542969
BATT_MODEL:,83,17501.360977,5.4680767059,5.4068450928,0.61231613159
BATT_MODEL:,84,16501.276358,5.4896583557,5.4287452698,0.60913085938
BATT_MODEL:,85,15601.201712,5.5093994141,5.4486732483,0.60726165771
BATT_MODEL:,86,14601.116646,5.5319423676,5.4714355469,0.60506820679
BATT_MODEL:,87,13601.037964,5.5547714233,5.4943981171,0.60373306274
BATT_MODEL:,88,12600.956638,5.5775356293,5.5171661377,0.60369491577
BATT_MODEL:,89,11700.885108,5.5983734131,5.5379314423,0.60441970825
BATT_MODEL:,90,10700.804182,5.6225509644,5.5619678497,0.60583114624
BATT_MODEL:,91,9700.7346203,5.6485061646,5.5876903534,0.60815811157
BATT_MODEL:,92,8800.6643698,5.674030304,5.61302948,0.61000823975
BATT_MODEL:,93,7800.5896897,5.7053966522,5.6441955566,0.61201095581
BATT_MODEL:,94,6800.5115622,5.7412338257,5.6800918579,0.61141967773
BATT_MODEL:,95,5800.4371471,5.7831993103,5.722448349,0.60750961304
BATT_MODEL:,96,4900.3608883,5.8285942078,5.7686061859,0.59988021851
BATT_MODEL:,97,3900.2855263,5.8901195526,5.8309841156,0.59135437012
BATT_MODEL:,98,2900.2021988,5.9665565491,5.9078369141,0.5871963501
BATT_MODEL:,99,1900.1296518,6.0657920837,6.0067634583,0.59028625488
BATT_MODEL:,100,1000.0667463,6.1882457733,6.1269607544,0.61285018921
BATT_MODEL:,101,0,6.4563274384,6.2730140686,1.8331336975
BATT_MODEL.capacity:,2.703
