TEST_PARAM.comment:,6xaa

SourceMeter Model:,2450
SourceMeter S/N:,04518725
SourceMeter Firmware:,1.7.7b

TEST_PARAM.terminals:,FRONT TERMINALS

TEST_PARAM.initial_voc:,9.7292690277
TEST_PARAM.vcutoff:,4.8

TEST_PARAM.discharge_type:,CONSTANT
TEST_PARAM.discharge_current:,0.1
TEST_PARAM.max_discharge_current:,0.1

TEST_PARAM.measure_interval:,100

TEST_PARAM.discharge_start_time:,11/27/21 22:41:36
TEST_PARAM.discharge_stop_time:,11/29/21 01:01:41

BATT_MODEL_RAW:,Index,Timestamp,Voc,Vload,ESR
BATT_MODEL_RAW:,1,0.03483142,9.6364574432,9.2508144379,3.8564300537
BATT_MODEL_RAW:,2,100.03886596,9.571685791,9.4521064758,1.1957931519
BATT_MODEL_RAW:,3,200.04116126,9.5244312286,9.4165630341,1.0786819458
BATT_MODEL_RAW:,4,300.04503038,9.4847640991,9.3825206757,1.0224342346
BATT_MODEL_RAW:,5,400.0482432,9.4492549896,9.3505382538,0.9871673584
BATT_MODEL_RAW:,6,500.05066374,9.41664505,9.3204441071,0.96200942993
BATT_MODEL_RAW:,7,600.05401254,9.3862285614,9.2919616699,0.94266891479
BATT_MODEL_RAW:,8,700.05625928,9.3575878143,9.2648029327,0.92784881592
BATT_MODEL_RAW:,9,800.05954706,9.3304309845,9.238861084,0.91569900513
BATT_MODEL_RAW:,10,900.06126768,9.3045806885,9.2140140533,0.90566635132
BATT_MODEL_RAW:,11,1000.063413,9.2798881531,9.1901531219,0.89735031128
BATT_MODEL_RAW:,12,1100.0679787,9.2562332153,9.167181015,0.89052200317
BATT_MODEL_RAW:,13,1200.0702799,9.2335109711,9.1450557709,0.88455200195
BATT_MODEL_RAW:,14,1300.0721146,9.2116851807,9.1236972809,0.8798789978
BATT_MODEL_RAW:,15,1400.0753883,9.1906795502,9.1031093597,0.8757019043
BATT_MODEL_RAW:,16,1500.0760412,9.1704235077,9.0832862854,0.8713722229
BATT_MODEL_RAW:,17,1600.0782217,9.1509399414,9.0640907288,0.86849212646
BATT_MODEL_RAW:,18,1700.0807791,9.1320991516,9.0455112457,0.86587905884
BATT_MODEL_RAW:,19,1800.0838556,9.1139183044,9.0275535583,0.86364746094
BATT_MODEL_RAW:,20,1900.0862047,9.0963573456,9.0101928711,0.86164474487
BATT_MODEL_RAW:,21,2000.088898,9.0793704987,8.9933662415,0.86004257202
BATT_MODEL_RAW:,22,2100.0933839,9.062915802,8.9770317078,0.85884094238
BATT_MODEL_RAW:,23,2200.0947447,9.0469818115,8.9611682892,0.85813522339
BATT_MODEL_RAW:,24,2300.0959179,9.031545639,8.9458255768,0.85720062256
BATT_MODEL_RAW:,25,2400.0981435,9.0165901184,8.9309272766,0.85662841797
BATT_MODEL_RAW:,26,2500.0989291,9.0020656586,8.9164466858,0.85618972778
BATT_MODEL_RAW:,27,2600.1002026,8.9879798889,8.9024372101,0.85542678833
BATT_MODEL_RAW:,28,2700.1097057,8.9742584229,8.8887386322,0.85519790649
BATT_MODEL_RAW:,29,2800.1109149,8.9609222412,8.8753852844,0.85536956787
BATT_MODEL_RAW:,30,2900.112999,8.9479122162,8.8623657227,0.8554649353
BATT_MODEL_RAW:,31,3000.1231297,8.935218811,8.8496551514,0.85563659668
BATT_MODEL_RAW:,32,3100.124068,8.9228820801,8.8372440338,0.85638046265
BATT_MODEL_RAW:,33,3200.1247755,8.9107990265,8.8251361847,0.85662841797
BATT_MODEL_RAW:,34,3300.1263917,8.8990097046,8.8132915497,0.85718154907
BATT_MODEL_RAW:,35,3400.1272495,8.8875255585,8.8017444611,0.85781097412
BATT_MODEL_RAW:,36,3500.1287993,8.8762950897,8.7904548645,0.8584022522
BATT_MODEL_RAW:,37,3600.1328025,8.8652877808,8.7793540955,0.85933685303
BATT_MODEL_RAW:,38,3700.1339515,8.8545475006,8.7685146332,0.86032867432
BATT_MODEL_RAW:,39,3800.1357755,8.8439979553,8.757850647,0.8614730835
BATT_MODEL_RAW:,40,3900.1383625,8.8336277008,8.7473831177,0.8624458313
BATT_MODEL_RAW:,41,4000.1408542,8.8234882355,8.7370910645,0.86397171021
BATT_MODEL_RAW:,42,4100.1441225,8.8135318756,8.7270030975,0.86528778076
BATT_MODEL_RAW:,43,4200.1454151,8.8037719727,8.7171115875,0.86660385132
BATT_MODEL_RAW:,44,4300.1481309,8.7942142487,8.7073955536,0.86818695068
BATT_MODEL_RAW:,45,4400.1510443,8.7848262787,8.6978435516,0.86982727051
BATT_MODEL_RAW:,46,4500.1531622,8.775642395,8.6884975433,0.87144851685
BATT_MODEL_RAW:,47,4600.1567655,8.7666473389,8.6793441772,0.87303161621
BATT_MODEL_RAW:,48,4700.1592364,8.7578392029,8.6703968048,0.87442398071
BATT_MODEL_RAW:,49,4800.1611354,8.7491855621,8.6615924835,0.87593078613
BATT_MODEL_RAW:,50,4900.1628117,8.7407226563,8.6529941559,0.87728500366
BATT_MODEL_RAW:,51,5000.1653348,8.7324485779,8.6445598602,0.87888717651
BATT_MODEL_RAW:,52,5100.1700129,8.7243537903,8.6363296509,0.88024139404
BATT_MODEL_RAW:,53,5200.17222,8.7164268494,8.6282787323,0.88148117065
BATT_MODEL_RAW:,54,5300.1779159,8.7086696625,8.6203804016,0.88289260864
BATT_MODEL_RAW:,55,5400.1809158,8.7010726929,8.6126441956,0.88428497314
BATT_MODEL_RAW:,56,5500.184002,8.6936340332,8.6050453186,0.885887146
BATT_MODEL_RAW:,57,5600.187761,8.6863536835,8.5976753235,0.88678359985
BATT_MODEL_RAW:,58,5700.1903137,8.6792392731,8.5904426575,0.88796615601
BATT_MODEL_RAW:,59,5800.1941308,8.6722660065,8.5833587646,0.88907241821
BATT_MODEL_RAW:,60,5900.1967293,8.6654262543,8.5763893127,0.89036941528
BATT_MODEL_RAW:,61,6000.2005648,8.6587352753,8.5696105957,0.89124679565
BATT_MODEL_RAW:,62,6100.2032249,8.652173996,8.5629634857,0.89210510254
BATT_MODEL_RAW:,63,6200.2045038,8.6457538605,8.5564308167,0.89323043823
BATT_MODEL_RAW:,64,6300.2069541,8.6394386292,8.5500297546,0.89408874512
BATT_MODEL_RAW:,65,6400.2089438,8.633234024,8.5437545776,0.89479446411
BATT_MODEL_RAW:,66,6500.2119404,8.627161026,8.5376319885,0.89529037476
BATT_MODEL_RAW:,67,6600.214469,8.6211872101,8.5316066742,0.89580535889
BATT_MODEL_RAW:,68,6700.2167261,8.6153259277,8.5256919861,0.8963394165
BATT_MODEL_RAW:,69,6800.221144,8.6095428467,8.5198802948,0.8966255188
BATT_MODEL_RAW:,70,6900.2227769,8.603843689,8.5141487122,0.89694976807
BATT_MODEL_RAW:,71,7000.2229818,8.5982646942,8.5085163116,0.89748382568
BATT_MODEL_RAW:,72,7100.225998,8.5927562714,8.5029983521,0.89757919312
BATT_MODEL_RAW:,73,7200.2270791,8.5873355865,8.4975376129,0.89797973633
BATT_MODEL_RAW:,74,7300.2293022,8.5819854736,8.4921760559,0.89809417725
BATT_MODEL_RAW:,75,7400.2324822,8.5767002106,8.4869060516,0.89794158936
BATT_MODEL_RAW:,76,7500.2369541,8.5715065002,8.4816932678,0.89813232422
BATT_MODEL_RAW:,77,7600.2394028,8.5663738251,8.4765796661,0.89794158936
BATT_MODEL_RAW:,78,7700.2429617,8.5613136292,8.4714946747,0.89818954468
BATT_MODEL_RAW:,79,7800.2466738,8.5563201904,8.4664936066,0.89826583862
BATT_MODEL_RAW:,80,7900.2489445,8.5513954163,8.461561203,0.89834213257
BATT_MODEL_RAW:,81,8000.2521951,8.5465068817,8.4567184448,0.8978843689
BATT_MODEL_RAW:,82,8100.2556715,8.5417041779,8.451915741,0.8978843689
BATT_MODEL_RAW:,83,8200.2592217,8.5369529724,8.4471683502,0.89784622192
BATT_MODEL_RAW:,84,8300.2623505,8.5322647095,8.442489624,0.89775085449
BATT_MODEL_RAW:,85,8400.2646953,8.5276203156,8.4378623962,0.89757919312
BATT_MODEL_RAW:,86,8500.268751,8.5230388641,8.4332828522,0.89756011963
BATT_MODEL_RAW:,87,8600.2721683,8.5185089111,8.4287643433,0.89744567871
BATT_MODEL_RAW:,88,8700.2749732,8.5140190125,8.4243278503,0.89691162109
BATT_MODEL_RAW:,89,8800.2779806,8.5095806122,8.4198799133,0.89700698853
BATT_MODEL_RAW:,90,8900.2831818,8.5051841736,8.4155254364,0.89658737183
BATT_MODEL_RAW:,91,9000.2886418,8.5008392334,8.411157608,0.89681625366
BATT_MODEL_RAW:,92,9100.2919088,8.4965019226,8.4068527222,0.89649200439
BATT_MODEL_RAW:,93,9200.2984453,8.4922409058,8.4026279449,0.89612960815
BATT_MODEL_RAW:,94,9300.3035421,8.4879989624,8.3984127045,0.89586257935
BATT_MODEL_RAW:,95,9400.308243,8.4838066101,8.3942680359,0.89538574219
BATT_MODEL_RAW:,96,9500.3149763,8.479631424,8.3900966644,0.89534759521
BATT_MODEL_RAW:,97,9600.3197054,8.475479126,8.385969162,0.89509963989
BATT_MODEL_RAW:,98,9700.3246946,8.4713764191,8.3818912506,0.89485168457
BATT_MODEL_RAW:,99,9800.3282353,8.4672985077,8.3778190613,0.89479446411
BATT_MODEL_RAW:,100,9900.3314841,8.4632492065,8.373790741,0.89458465576
BATT_MODEL_RAW:,101,10000.336781,8.4592494965,8.3698101044,0.8943939209
BATT_MODEL_RAW:,102,10100.33977,8.4552669525,8.3658504486,0.89416503906
BATT_MODEL_RAW:,103,10200.342528,8.4513378143,8.3619441986,0.89393615723
BATT_MODEL_RAW:,104,10300.346262,8.447467804,8.3581237793,0.89344024658
BATT_MODEL_RAW:,105,10400.350838,8.4436302185,8.3542709351,0.89359283447
BATT_MODEL_RAW:,106,10500.354321,8.4397773743,8.3504543304,0.89323043823
BATT_MODEL_RAW:,107,10600.358885,8.435962677,8.3466644287,0.89298248291
BATT_MODEL_RAW:,108,10700.365055,8.4321975708,8.3429164886,0.89281082153
BATT_MODEL_RAW:,109,10800.368343,8.4284057617,8.3391609192,0.89244842529
BATT_MODEL_RAW:,110,10900.373397,8.4246749878,8.335439682,0.89235305786
BATT_MODEL_RAW:,111,11000.37728,8.4209537506,8.3317451477,0.89208602905
BATT_MODEL_RAW:,112,11100.379668,8.4172592163,8.3280620575,0.89197158813
BATT_MODEL_RAW:,113,11200.382564,8.4135742188,8.3243961334,0.89178085327
BATT_MODEL_RAW:,114,11300.386181,8.4099235535,8.3207511902,0.89172363281
BATT_MODEL_RAW:,115,11400.390637,8.4062957764,8.3171443939,0.89151382446
BATT_MODEL_RAW:,116,11500.395247,8.4026813507,8.3135509491,0.89130401611
BATT_MODEL_RAW:,117,11600.397918,8.3990764618,8.3099365234,0.89139938354
BATT_MODEL_RAW:,118,11700.40152,8.3954620361,8.306350708,0.89111328125
BATT_MODEL_RAW:,119,11800.404705,8.3918819427,8.3027648926,0.89117050171
BATT_MODEL_RAW:,120,11900.409497,8.3882904053,8.2991867065,0.8910369873
BATT_MODEL_RAW:,121,12000.414744,8.3847236633,8.2956237793,0.89099884033
BATT_MODEL_RAW:,122,12100.419255,8.3811397552,8.2920475006,0.89092254639
BATT_MODEL_RAW:,123,12200.424768,8.3775806427,8.2884750366,0.89105606079
BATT_MODEL_RAW:,124,12300.427569,8.3740196228,8.2849216461,0.89097976685
BATT_MODEL_RAW:,125,12400.432098,8.3704528809,8.2813606262,0.89092254639
BATT_MODEL_RAW:,126,12500.435433,8.366897583,8.2777957916,0.89101791382
BATT_MODEL_RAW:,127,12600.438137,8.3633518219,8.2742347717,0.89117050171
BATT_MODEL_RAW:,128,12700.442252,8.3598251343,8.2706813812,0.89143753052
BATT_MODEL_RAW:,129,12800.446728,8.3562774658,8.2671546936,0.89122772217
BATT_MODEL_RAW:,130,12900.450585,8.3527565002,8.2636184692,0.89138031006
BATT_MODEL_RAW:,131,13000.452066,8.3492183685,8.260055542,0.89162826538
BATT_MODEL_RAW:,132,13100.457065,8.3456954956,8.2565059662,0.89189529419
BATT_MODEL_RAW:,133,13200.461632,8.3421440125,8.2529335022,0.89210510254
BATT_MODEL_RAW:,134,13300.46508,8.3386001587,8.2493782043,0.89221954346
BATT_MODEL_RAW:,135,13400.469198,8.3350505829,8.2458095551,0.89241027832
BATT_MODEL_RAW:,136,13500.473006,8.3314857483,8.2422065735,0.89279174805
BATT_MODEL_RAW:,137,13600.477159,8.3279209137,8.2386226654,0.89298248291
BATT_MODEL_RAW:,138,13700.480113,8.3243637085,8.235042572,0.89321136475
BATT_MODEL_RAW:,139,13800.484916,8.3208026886,8.2314453125,0.89357376099
BATT_MODEL_RAW:,140,13900.48966,8.3172340393,8.2278404236,0.89393615723
BATT_MODEL_RAW:,141,14000.49336,8.3136577606,8.2242488861,0.89408874512
BATT_MODEL_RAW:,142,14100.497328,8.3100833893,8.2206516266,0.89431762695
BATT_MODEL_RAW:,143,14200.500721,8.3065223694,8.2170639038,0.89458465576
BATT_MODEL_RAW:,144,14300.50456,8.3029594421,8.2134609222,0.89498519897
BATT_MODEL_RAW:,145,14400.508049,8.299407959,8.2098560333,0.89551925659
BATT_MODEL_RAW:,146,14500.513137,8.2958431244,8.2062664032,0.89576721191
BATT_MODEL_RAW:,147,14600.518072,8.2922878265,8.2026748657,0.89612960815
BATT_MODEL_RAW:,148,14700.52218,8.2887611389,8.1991081238,0.89653015137
BATT_MODEL_RAW:,149,14800.526818,8.2852077484,8.195514679,0.89693069458
BATT_MODEL_RAW:,150,14900.53031,8.2816753387,8.1919364929,0.89738845825
BATT_MODEL_RAW:,151,15000.533604,8.2781505585,8.1883716583,0.89778900146
BATT_MODEL_RAW:,152,15100.536947,8.2746200562,8.1848011017,0.89818954468
BATT_MODEL_RAW:,153,15200.540914,8.2710857391,8.181219101,0.89866638184
BATT_MODEL_RAW:,154,15300.545822,8.2675666809,8.1776561737,0.89910507202
BATT_MODEL_RAW:,155,15400.548497,8.2640628815,8.1741085052,0.89954376221
BATT_MODEL_RAW:,156,15500.552369,8.2605648041,8.1705703735,0.89994430542
BATT_MODEL_RAW:,157,15600.557442,8.257062912,8.1670284271,0.90034484863
BATT_MODEL_RAW:,158,15700.561226,8.2535839081,8.1635150909,0.90068817139
BATT_MODEL_RAW:,159,15800.56616,8.2500991821,8.1599884033,0.90110778809
BATT_MODEL_RAW:,160,15900.569553,8.2466392517,8.1564693451,0.90169906616
BATT_MODEL_RAW:,161,16000.576279,8.2431602478,8.1529369354,0.90223312378
BATT_MODEL_RAW:,162,16100.580607,8.2397003174,8.149438858,0.90261459351
BATT_MODEL_RAW:,163,16200.584147,8.2362766266,8.1459369659,0.90339660645
BATT_MODEL_RAW:,164,16300.590985,8.2328052521,8.1424255371,0.90379714966
BATT_MODEL_RAW:,165,16400.594897,8.2293796539,8.1389408112,0.90438842773
BATT_MODEL_RAW:,166,16500.598816,8.2259597778,8.1354560852,0.90503692627
BATT_MODEL_RAW:,167,16600.603106,8.2225475311,8.1319847107,0.90562820435
BATT_MODEL_RAW:,168,16700.607403,8.219127655,8.128534317,0.90593338013
BATT_MODEL_RAW:,169,16800.611282,8.2157478333,8.1250934601,0.90654373169
BATT_MODEL_RAW:,170,16900.614069,8.2123413086,8.1216392517,0.90702056885
BATT_MODEL_RAW:,171,17000.619419,8.2089920044,8.1182231903,0.90768814087
BATT_MODEL_RAW:,172,17100.62272,8.20561409,8.1147880554,0.90826034546
BATT_MODEL_RAW:,173,17200.625778,8.2022800446,8.111410141,0.90869903564
BATT_MODEL_RAW:,174,17300.630132,8.1989459991,8.1080226898,0.90923309326
BATT_MODEL_RAW:,175,17400.634214,8.1956138611,8.1046295166,0.90984344482
BATT_MODEL_RAW:,176,17500.638516,8.1923122406,8.1012649536,0.91047286987
BATT_MODEL_RAW:,177,17600.640602,8.1890106201,8.097902298,0.91108322144
BATT_MODEL_RAW:,178,17700.64386,8.1857070923,8.0945529938,0.91154098511
BATT_MODEL_RAW:,179,17800.648251,8.1824321747,8.0911846161,0.91247558594
BATT_MODEL_RAW:,180,17900.651512,8.179151535,8.0878410339,0.91310501099
BATT_MODEL_RAW:,181,18000.654661,8.175907135,8.084526062,0.91381072998
BATT_MODEL_RAW:,182,18100.657795,8.1726665497,8.0812244415,0.91442108154
BATT_MODEL_RAW:,183,18200.662448,8.1694431305,8.0779685974,0.91474533081
BATT_MODEL_RAW:,184,18300.664488,8.1662464142,8.0747051239,0.91541290283
BATT_MODEL_RAW:,185,18400.668699,8.1630935669,8.0714626312,0.91630935669
BATT_MODEL_RAW:,186,18500.672815,8.15990448,8.0682582855,0.91646194458
BATT_MODEL_RAW:,187,18600.675204,8.1567897797,8.06508255,0.91707229614
BATT_MODEL_RAW:,188,18700.679679,8.15366745,8.0619010925,0.91766357422
BATT_MODEL_RAW:,189,18800.683299,8.1505813599,8.0587463379,0.91835021973
BATT_MODEL_RAW:,190,18900.686219,8.1475124359,8.0556221008,0.91890335083
BATT_MODEL_RAW:,191,19000.689095,8.1444740295,8.0525131226,0.91960906982
BATT_MODEL_RAW:,192,19100.692754,8.141418457,8.0493984222,0.9202003479
BATT_MODEL_RAW:,193,19200.697433,8.1384181976,8.0463409424,0.92077255249
BATT_MODEL_RAW:,194,19300.699716,8.1354160309,8.0432662964,0.92149734497
BATT_MODEL_RAW:,195,19400.702521,8.1324138641,8.0402069092,0.92206954956
BATT_MODEL_RAW:,196,19500.7067,8.1294498444,8.0371589661,0.92290878296
BATT_MODEL_RAW:,197,19600.71133,8.1264762878,8.0341072083,0.9236907959
BATT_MODEL_RAW:,198,19700.714675,8.1235179901,8.0310916901,0.92426300049
BATT_MODEL_RAW:,199,19800.718104,8.1205997467,8.0280742645,0.92525482178
BATT_MODEL_RAW:,200,19900.723452,8.1176280975,8.0250701904,0.92557907104
BATT_MODEL_RAW:,201,20000.72685,8.1147155762,8.0220546722,0.92660903931
BATT_MODEL_RAW:,202,20100.732552,8.1117916107,8.0190658569,0.92725753784
BATT_MODEL_RAW:,203,20200.7373,8.1088733673,8.0160808563,0.92792510986
BATT_MODEL_RAW:,204,20300.742006,8.1059894562,8.0131206512,0.92868804932
BATT_MODEL_RAW:,205,20400.746094,8.103099823,8.0101623535,0.92937469482
BATT_MODEL_RAW:,206,20500.748475,8.1002120972,8.0072154999,0.9299659729
BATT_MODEL_RAW:,207,20600.753808,8.097322464,8.0042533875,0.93069076538
BATT_MODEL_RAW:,208,20700.757766,8.0944728851,8.0013065338,0.93166351318
BATT_MODEL_RAW:,209,20800.760724,8.0916423798,7.9984264374,0.93215942383
BATT_MODEL_RAW:,210,20900.767429,8.0888195038,7.9955253601,0.93294143677
BATT_MODEL_RAW:,211,21000.770298,8.0860233307,7.9926605225,0.93362808228
BATT_MODEL_RAW:,212,21100.775201,8.0832519531,7.989818573,0.93433380127
BATT_MODEL_RAW:,213,21200.778614,8.0804958344,7.986995697,0.93500137329
BATT_MODEL_RAW:,214,21300.782271,8.0777549744,7.9841785431,0.93576431274
BATT_MODEL_RAW:,215,21400.78613,8.0750274658,7.981388092,0.93639373779
BATT_MODEL_RAW:,216,21500.788288,8.0723590851,7.9786319733,0.93727111816
BATT_MODEL_RAW:,217,21600.793277,8.0696430206,7.9758720398,0.93770980835
BATT_MODEL_RAW:,218,21700.7967,8.066986084,7.9731578827,0.93828201294
BATT_MODEL_RAW:,219,21800.800206,8.064332962,7.970451355,0.93881607056
BATT_MODEL_RAW:,220,21900.804937,8.0616779327,7.9677371979,0.93940734863
BATT_MODEL_RAW:,221,22000.8096,8.0590705872,7.9651031494,0.93967437744
BATT_MODEL_RAW:,222,22100.813915,8.0564575195,7.9624061584,0.94051361084
BATT_MODEL_RAW:,223,22200.817064,8.0538730621,7.9597377777,0.94135284424
BATT_MODEL_RAW:,224,22300.822377,8.0512828827,7.9570789337,0.94203948975
BATT_MODEL_RAW:,225,22400.826753,8.0487346649,7.954454422,0.9428024292
BATT_MODEL_RAW:,226,22500.830771,8.0461959839,7.9518527985,0.94343185425
BATT_MODEL_RAW:,227,22600.839273,8.0438690186,7.9492759705,0.94593048096
BATT_MODEL_RAW:,228,22700.848108,8.0411567688,7.9467220306,0.94434738159
BATT_MODEL_RAW:,229,22800.855618,8.0386772156,7.9441757202,0.94501495361
BATT_MODEL_RAW:,230,22900.860341,8.0362243652,7.9416332245,0.94591140747
BATT_MODEL_RAW:,231,23000.863978,8.0337619781,7.9391040802,0.94657897949
BATT_MODEL_RAW:,232,23100.87068,8.031332016,7.9365978241,0.94734191895
BATT_MODEL_RAW:,233,23200.877176,8.0289497375,7.9341545105,0.94795227051
BATT_MODEL_RAW:,234,23300.883989,8.0265426636,7.9316902161,0.9485244751
BATT_MODEL_RAW:,235,23400.891575,8.0241603851,7.9292545319,0.94905853271
BATT_MODEL_RAW:,236,23500.899794,8.0218868256,7.9269485474,0.94938278198
BATT_MODEL_RAW:,237,23600.907758,8.0195178986,7.9245185852,0.94999313354
BATT_MODEL_RAW:,238,23700.914328,8.0171585083,7.922082901,0.950756073
BATT_MODEL_RAW:,239,23800.921808,8.0148277283,7.9196872711,0.95140457153
BATT_MODEL_RAW:,240,23900.930603,8.0124778748,7.9172458649,0.95232009888
BATT_MODEL_RAW:,241,24000.937143,8.0101490021,7.9148521423,0.95296859741
BATT_MODEL_RAW:,242,24100.946193,8.0078010559,7.912443161,0.95357894897
BATT_MODEL_RAW:,243,24200.951491,8.005443573,7.9100322723,0.95411300659
BATT_MODEL_RAW:,244,24300.959245,8.0031337738,7.9076442719,0.95489501953
BATT_MODEL_RAW:,245,24400.965678,8.0007991791,7.9052181244,0.95581054688
BATT_MODEL_RAW:,246,24500.972949,7.998468399,7.9028320313,0.95636367798
BATT_MODEL_RAW:,247,24600.97966,7.9961338043,7.9004077911,0.95726013184
BATT_MODEL_RAW:,248,24700.98379,7.9937992096,7.8980026245,0.95796585083
BATT_MODEL_RAW:,249,24800.990589,7.9914627075,7.8955955505,0.95867156982
BATT_MODEL_RAW:,250,24900.99681,7.9891376495,7.8931903839,0.95947265625
BATT_MODEL_RAW:,251,25001.00239,7.9868221283,7.8907775879,0.96044540405
BATT_MODEL_RAW:,252,25101.009059,7.9844913483,7.8883914948,0.96099853516
BATT_MODEL_RAW:,253,25201.015363,7.9821624756,7.8860015869,0.96160888672
BATT_MODEL_RAW:,254,25301.021523,7.979845047,7.8836174011,0.96227645874
BATT_MODEL_RAW:,255,25401.025522,7.9775543213,7.8812522888,0.96302032471
BATT_MODEL_RAW:,256,25501.032064,7.9752426147,7.8788776398,0.96364974976
BATT_MODEL_RAW:,257,25601.03945,7.9729804993,7.8765068054,0.96473693848
BATT_MODEL_RAW:,258,25701.045059,7.9706916809,7.8741474152,0.96544265747
BATT_MODEL_RAW:,259,25801.050706,7.9684085846,7.8718032837,0.96605300903
BATT_MODEL_RAW:,260,25901.056684,7.9661712646,7.8694953918,0.96675872803
BATT_MODEL_RAW:,261,26001.063372,7.963891983,7.8671417236,0.96750259399
BATT_MODEL_RAW:,262,26101.070051,7.9616260529,7.8648033142,0.96822738647
BATT_MODEL_RAW:,263,26201.075156,7.9593772888,7.8624801636,0.96897125244
BATT_MODEL_RAW:,264,26301.082476,7.9571208954,7.8601436615,0.96977233887
BATT_MODEL_RAW:,265,26401.088506,7.9548206329,7.8577728271,0.97047805786
BATT_MODEL_RAW:,266,26501.095491,7.9525432587,7.855424881,0.97118377686
BATT_MODEL_RAW:,267,26601.103004,7.9502792358,7.8530464172,0.97232818604
BATT_MODEL_RAW:,268,26701.109404,7.9479866028,7.8506889343,0.97297668457
BATT_MODEL_RAW:,269,26801.114896,7.9457111359,7.8483104706,0.97400665283
BATT_MODEL_RAW:,270,26901.121226,7.9434432983,7.8459587097,0.97484588623
BATT_MODEL_RAW:,271,27001.128885,7.9411888123,7.8436069489,0.97581863403
BATT_MODEL_RAW:,272,27101.134491,7.9389438629,7.8412837982,0.97660064697
BATT_MODEL_RAW:,273,27201.139256,7.9367103577,7.8389968872,0.97713470459
BATT_MODEL_RAW:,274,27301.146638,7.9345054626,7.8366966248,0.97808837891
BATT_MODEL_RAW:,275,27401.152032,7.9322929382,7.8344211578,0.97871780396
BATT_MODEL_RAW:,276,27501.158166,7.9300861359,7.832151413,0.979347229
BATT_MODEL_RAW:,277,27601.163667,7.9279117584,7.8299007416,0.98011016846
BATT_MODEL_RAW:,278,27701.170955,7.9257640839,7.8276672363,0.98096847534
BATT_MODEL_RAW:,279,27801.177459,7.9236049652,7.8254318237,0.98173141479
BATT_MODEL_RAW:,280,27901.182667,7.9214496613,7.8232078552,0.9824180603
BATT_MODEL_RAW:,281,28001.189575,7.9193153381,7.8209896088,0.9832572937
BATT_MODEL_RAW:,282,28101.195126,7.9171848297,7.818780899,0.98403930664
BATT_MODEL_RAW:,283,28201.200166,7.9150695801,7.8165931702,0.98476409912
BATT_MODEL_RAW:,284,28301.205882,7.9129619598,7.8144226074,0.98539352417
BATT_MODEL_RAW:,285,28401.21178,7.9108562469,7.8122425079,0.98613739014
BATT_MODEL_RAW:,286,28501.21817,7.9087715149,7.8100738525,0.98697662354
BATT_MODEL_RAW:,287,28601.224358,7.9066619873,7.8079013824,0.98760604858
BATT_MODEL_RAW:,288,28701.231869,7.9045810699,7.8057422638,0.98838806152
BATT_MODEL_RAW:,289,28801.238066,7.9024791718,7.8035469055,0.98932266235
BATT_MODEL_RAW:,290,28901.243396,7.9004096985,7.8013801575,0.99029541016
BATT_MODEL_RAW:,291,29001.249512,7.8983345032,7.7992248535,0.99109649658
BATT_MODEL_RAW:,292,29101.256101,7.896270752,7.7970924377,0.99178314209
BATT_MODEL_RAW:,293,29201.261777,7.8942222595,7.794965744,0.99256515503
BATT_MODEL_RAW:,294,29301.266549,7.8921432495,7.7927970886,0.99346160889
BATT_MODEL_RAW:,295,29401.273163,7.8900985718,7.7906665802,0.99431991577
BATT_MODEL_RAW:,296,29501.279574,7.8880596161,7.7885398865,0.99519729614
BATT_MODEL_RAW:,297,29601.28497,7.8860054016,7.7864246368,0.99580764771
BATT_MODEL_RAW:,298,29701.290969,7.8839893341,7.7843036652,0.99685668945
BATT_MODEL_RAW:,299,29801.297503,7.8819580078,7.7822284698,0.99729537964
BATT_MODEL_RAW:,300,29901.303856,7.8799495697,7.7801570892,0.99792480469
BATT_MODEL_RAW:,301,30001.309356,7.8779659271,7.7780818939,0.99884033203
BATT_MODEL_RAW:,302,30101.315475,7.8759727478,7.7760334015,0.99939346313
BATT_MODEL_RAW:,303,30201.321778,7.8740444183,7.7740135193,1.0003089905
BATT_MODEL_RAW:,304,30301.327537,7.8720855713,7.7719802856,1.0010528564
BATT_MODEL_RAW:,305,30401.333683,7.8701648712,7.7699890137,1.0017585754
BATT_MODEL_RAW:,306,30501.339886,7.8682365417,7.7679843903,1.0025215149
BATT_MODEL_RAW:,307,30601.346762,7.8663082123,7.7659606934,1.0034751892
BATT_MODEL_RAW:,308,30701.352321,7.8643627167,7.7639560699,1.0040664673
BATT_MODEL_RAW:,309,30801.358645,7.8624172211,7.7619304657,1.0048675537
BATT_MODEL_RAW:,310,30901.36675,7.8604755402,7.7599105835,1.0056495667
BATT_MODEL_RAW:,311,31001.372096,7.8585166931,7.7578849792,1.0063171387
BATT_MODEL_RAW:,312,31101.379047,7.856590271,7.7558765411,1.0071372986
BATT_MODEL_RAW:,313,31201.387339,7.8546905518,7.753900528,1.007900238
BATT_MODEL_RAW:,314,31301.393284,7.8527603149,7.7518978119,1.0086250305
BATT_MODEL_RAW:,315,31401.399298,7.8508434296,7.7498912811,1.0095214844
BATT_MODEL_RAW:,316,31501.406398,7.848897934,7.7478675842,1.0103034973
BATT_MODEL_RAW:,317,31601.41349,7.8469543457,7.745847702,1.0110664368
BATT_MODEL_RAW:,318,31701.419832,7.8450202942,7.7438163757,1.0120391846
BATT_MODEL_RAW:,319,31801.426824,7.8430461884,7.7418041229,1.0124206543
BATT_MODEL_RAW:,320,31901.434378,7.8411083221,7.739780426,1.0132789612
BATT_MODEL_RAW:,321,32001.439639,7.8391513824,7.7377586365,1.0139274597
BATT_MODEL_RAW:,322,32101.444757,7.8371772766,7.7357025146,1.0147476196
BATT_MODEL_RAW:,323,32201.45015,7.8352451324,7.7336883545,1.0155677795
BATT_MODEL_RAW:,324,32301.457301,7.833272934,7.7316226959,1.0165023804
BATT_MODEL_RAW:,325,32401.463061,7.8313179016,7.7296218872,1.016960144
BATT_MODEL_RAW:,326,32501.466786,7.8293704987,7.7275924683,1.017780304
BATT_MODEL_RAW:,327,32601.474498,7.8274669647,7.7256622314,1.0180473328
BATT_MODEL_RAW:,328,32701.478986,7.825504303,7.7236099243,1.0189437866
BATT_MODEL_RAW:,329,32801.485311,7.8235301971,7.7215614319,1.0196876526
BATT_MODEL_RAW:,330,32901.491643,7.8215370178,7.7194957733,1.0204124451
BATT_MODEL_RAW:,331,33001.496075,7.8195667267,7.7174358368,1.0213088989
BATT_MODEL_RAW:,332,33101.502251,7.8175811768,7.7153511047,1.0223007202
BATT_MODEL_RAW:,333,33201.506054,7.8156013489,7.713300705,1.0230064392
BATT_MODEL_RAW:,334,33301.511777,7.813615799,7.7112255096,1.0239028931
BATT_MODEL_RAW:,335,33401.518392,7.8116340637,7.7091808319,1.0245323181
BATT_MODEL_RAW:,336,33501.522458,7.8096809387,7.7071361542,1.0254478455
BATT_MODEL_RAW:,337,33601.530175,7.8077068329,7.7051105499,1.0259628296
BATT_MODEL_RAW:,338,33701.535183,7.8057613373,7.7030906677,1.0267066956
BATT_MODEL_RAW:,339,33801.541766,7.803861618,7.7011375427,1.0272407532
BATT_MODEL_RAW:,340,33901.547974,7.8019828796,7.6991729736,1.0280990601
BATT_MODEL_RAW:,341,34001.554434,7.8001289368,7.6972770691,1.0285186768
BATT_MODEL_RAW:,342,34101.562263,7.7982826233,7.6953468323,1.0293579102
BATT_MODEL_RAW:,343,34201.566162,7.7964267731,7.6934432983,1.0298347473
BATT_MODEL_RAW:,344,34301.572454,7.7945995331,7.6915493011,1.0305023193
BATT_MODEL_RAW:,345,34401.578317,7.7927894592,7.6896972656,1.030921936
BATT_MODEL_RAW:,346,34501.582768,7.7909641266,7.6878242493,1.0313987732
BATT_MODEL_RAW:,347,34601.589199,7.7891674042,7.6859741211,1.0319328308
BATT_MODEL_RAW:,348,34701.59426,7.7873935699,7.6841468811,1.0324668884
BATT_MODEL_RAW:,349,34801.599961,7.7856807709,7.6823673248,1.0331344604
BATT_MODEL_RAW:,350,34901.605566,7.783914566,7.6805839539,1.0333061218
BATT_MODEL_RAW:,351,35001.611014,7.7821960449,7.6788101196,1.0338592529
BATT_MODEL_RAW:,352,35101.617961,7.7805233002,7.6771011353,1.0342216492
BATT_MODEL_RAW:,353,35201.621848,7.7788848877,7.6754436493,1.034412384
BATT_MODEL_RAW:,354,35301.628478,7.7772445679,7.6737518311,1.0349273682
BATT_MODEL_RAW:,355,35401.635124,7.7756080627,7.6720581055,1.0354995728
BATT_MODEL_RAW:,356,35501.640481,7.7739810944,7.670381546,1.0359954834
BATT_MODEL_RAW:,357,35601.646536,7.7723751068,7.6687412262,1.0363388062
BATT_MODEL_RAW:,358,35701.651932,7.7707920074,7.6671142578,1.0367774963
BATT_MODEL_RAW:,359,35801.658259,7.7692070007,7.6654891968,1.0371780396
BATT_MODEL_RAW:,360,35901.663404,7.7676467896,7.6638965607,1.0375022888
BATT_MODEL_RAW:,361,36001.668746,7.7661037445,7.662317276,1.0378646851
BATT_MODEL_RAW:,362,36101.674813,7.7645568848,7.6607284546,1.0382843018
BATT_MODEL_RAW:,363,36201.6811,7.7630348206,7.6591567993,1.0387802124
BATT_MODEL_RAW:,364,36301.686827,7.7615375519,7.6576118469,1.0392570496
BATT_MODEL_RAW:,365,36401.69321,7.7600727081,7.6561527252,1.0391998291
BATT_MODEL_RAW:,366,36501.70023,7.7586727142,7.6547031403,1.0396957397
BATT_MODEL_RAW:,367,36601.705524,7.7572879791,7.6533069611,1.0398101807
BATT_MODEL_RAW:,368,36701.711123,7.7559452057,7.6519412994,1.0400390625
BATT_MODEL_RAW:,369,36801.716532,7.7546653748,7.650598526,1.0406684875
BATT_MODEL_RAW:,370,36901.721842,7.753326416,7.649274826,1.0405158997
BATT_MODEL_RAW:,371,37001.727788,7.7520523071,7.6479587555,1.0409355164
BATT_MODEL_RAW:,372,37101.73455,7.750787735,7.6466770172,1.0411071777
BATT_MODEL_RAW:,373,37201.742263,7.7495193481,7.6454029083,1.0411643982
BATT_MODEL_RAW:,374,37301.747993,7.7483024597,7.644153595,1.0414886475
BATT_MODEL_RAW:,375,37401.754063,7.7470703125,7.6429271698,1.041431427
BATT_MODEL_RAW:,376,37501.760224,7.7458667755,7.6416912079,1.0417556763
BATT_MODEL_RAW:,377,37601.766859,7.7446517944,7.640460968,1.0419082642
BATT_MODEL_RAW:,378,37701.773236,7.7434749603,7.6392650604,1.042098999
BATT_MODEL_RAW:,379,37801.779339,7.7422771454,7.638048172,1.0422897339
BATT_MODEL_RAW:,380,37901.786764,7.7411193848,7.6368808746,1.0423851013
BATT_MODEL_RAW:,381,38001.793775,7.7399501801,7.6356925964,1.0425758362
BATT_MODEL_RAW:,382,38101.798482,7.7387866974,7.6345062256,1.042804718
BATT_MODEL_RAW:,383,38201.804732,7.737575531,7.6332817078,1.0429382324
BATT_MODEL_RAW:,384,38301.81143,7.7363929749,7.6320667267,1.0432624817
BATT_MODEL_RAW:,385,38401.816951,7.7351703644,7.6308441162,1.0432624817
BATT_MODEL_RAW:,386,38501.823963,7.7339706421,7.6296081543,1.0436248779
BATT_MODEL_RAW:,387,38601.829332,7.7327327728,7.6283512115,1.0438156128
BATT_MODEL_RAW:,388,38701.835324,7.731470108,7.6270904541,1.0437965393
BATT_MODEL_RAW:,389,38801.84042,7.7302570343,7.6258106232,1.0444641113
BATT_MODEL_RAW:,390,38901.848814,7.7289333344,7.6245155334,1.044178009
BATT_MODEL_RAW:,391,39001.855668,7.7276172638,7.6231632233,1.0445404053
BATT_MODEL_RAW:,392,39101.861322,7.726316452,7.6218414307,1.0447502136
BATT_MODEL_RAW:,393,39201.868612,7.725025177,7.6205120087,1.0451316833
BATT_MODEL_RAW:,394,39301.87421,7.7237014771,7.6191616058,1.0453987122
BATT_MODEL_RAW:,395,39401.88134,7.7223854065,7.6178379059,1.0454750061
BATT_MODEL_RAW:,396,39501.886885,7.7210674286,7.6164951324,1.0457229614
BATT_MODEL_RAW:,397,39601.893063,7.7197418213,7.6151256561,1.0461616516
BATT_MODEL_RAW:,398,39701.901072,7.7184085846,7.6137599945,1.0464859009
BATT_MODEL_RAW:,399,39801.905457,7.7170314789,7.6123924255,1.0463905334
BATT_MODEL_RAW:,400,39901.912281,7.7156906128,7.6110076904,1.0468292236
BATT_MODEL_RAW:,401,40001.918376,7.7143344879,7.6096305847,1.047039032
BATT_MODEL_RAW:,402,40101.924505,7.7129859924,7.6082515717,1.0473442078
BATT_MODEL_RAW:,403,40201.931399,7.7116413116,7.6068630219,1.0477828979
BATT_MODEL_RAW:,404,40301.938136,7.7102737427,7.6054878235,1.0478591919
BATT_MODEL_RAW:,405,40401.946512,7.7088985443,7.6040859222,1.0481262207
BATT_MODEL_RAW:,406,40501.952218,7.7075328827,7.602689743,1.0484313965
BATT_MODEL_RAW:,407,40601.958638,7.7061672211,7.6013031006,1.0486412048
BATT_MODEL_RAW:,408,40701.967069,7.7047691345,7.5999088287,1.0486030579
BATT_MODEL_RAW:,409,40801.972839,7.7034015656,7.5984916687,1.0490989685
BATT_MODEL_RAW:,410,40901.980698,7.7020282745,7.5970649719,1.0496330261
BATT_MODEL_RAW:,411,41001.988076,7.7006282806,7.5956401825,1.0498809814
BATT_MODEL_RAW:,412,41101.994951,7.6991939545,7.5941753387,1.0501861572
BATT_MODEL_RAW:,413,41202.001595,7.6978054047,7.592754364,1.0505104065
BATT_MODEL_RAW:,414,41302.00703,7.6964035034,7.5913448334,1.0505867004
BATT_MODEL_RAW:,415,41402.01476,7.6949863434,7.5899162292,1.0507011414
BATT_MODEL_RAW:,416,41502.021288,7.6935710907,7.5884609222,1.0511016846
BATT_MODEL_RAW:,417,41602.027361,7.6921520233,7.5870113373,1.0514068604
BATT_MODEL_RAW:,418,41702.034858,7.6908073425,7.5855388641,1.0526847839
BATT_MODEL_RAW:,419,41802.041399,7.6893157959,7.5840930939,1.0522270203
BATT_MODEL_RAW:,420,41902.046805,7.6878871918,7.5826301575,1.052570343
BATT_MODEL_RAW:,421,42002.050983,7.6864414215,7.5811691284,1.0527229309
BATT_MODEL_RAW:,422,42102.059436,7.6849956512,7.5796985626,1.0529708862
BATT_MODEL_RAW:,423,42202.065219,7.683588028,7.5782566071,1.053314209
BATT_MODEL_RAW:,424,42302.070754,7.6821498871,7.5767974854,1.0535240173
BATT_MODEL_RAW:,425,42402.07785,7.680721283,7.5753555298,1.0536575317
BATT_MODEL_RAW:,426,42502.084146,7.6792869568,7.5739154816,1.0537147522
BATT_MODEL_RAW:,427,42602.090779,7.6778964996,7.5724906921,1.054058075
BATT_MODEL_RAW:,428,42702.095682,7.6764678955,7.5710372925,1.0543060303
BATT_MODEL_RAW:,429,42802.101407,7.6750850677,7.5696105957,1.0547447205
BATT_MODEL_RAW:,430,42902.107089,7.6736698151,7.5681762695,1.0549354553
BATT_MODEL_RAW:,431,43002.112021,7.6722545624,7.5667381287,1.0551643372
BATT_MODEL_RAW:,432,43102.119901,7.6708583832,7.565290451,1.0556793213
BATT_MODEL_RAW:,433,43202.126969,7.6694450378,7.5638618469,1.0558319092
BATT_MODEL_RAW:,434,43302.133659,7.6680259705,7.5624332428,1.0559272766
BATT_MODEL_RAW:,435,43402.139844,7.6666145325,7.561000824,1.056137085
BATT_MODEL_RAW:,436,43502.14736,7.6651973724,7.5595607758,1.0563659668
BATT_MODEL_RAW:,437,43602.1548,7.6637535095,7.5580940247,1.0565948486
BATT_MODEL_RAW:,438,43702.160399,7.662361145,7.5566806793,1.056804657
BATT_MODEL_RAW:,439,43802.167575,7.6609745026,7.555273056,1.0570144653
BATT_MODEL_RAW:,440,43902.17486,7.6595993042,7.5538673401,1.0573196411
BATT_MODEL_RAW:,441,44002.18072,7.6581859589,7.5524311066,1.0575485229
BATT_MODEL_RAW:,442,44102.186783,7.656791687,7.5510292053,1.0576248169
BATT_MODEL_RAW:,443,44202.192939,7.6553516388,7.5495738983,1.0577774048
BATT_MODEL_RAW:,444,44302.200354,7.6539669037,7.5481586456,1.0580825806
BATT_MODEL_RAW:,445,44402.206777,7.6525440216,7.5467243195,1.0581970215
BATT_MODEL_RAW:,446,44502.214322,7.6510944366,7.5452480316,1.0584640503
BATT_MODEL_RAW:,447,44602.220547,7.6496486664,7.5437583923,1.0589027405
BATT_MODEL_RAW:,448,44702.226494,7.648191452,7.5422668457,1.0592460632
BATT_MODEL_RAW:,449,44802.232275,7.6467456818,7.5407943726,1.059513092
BATT_MODEL_RAW:,450,44902.238886,7.6452903748,7.5392932892,1.0599708557
BATT_MODEL_RAW:,451,45002.244855,7.6438159943,7.5378017426,1.0601425171
BATT_MODEL_RAW:,452,45102.248498,7.642332077,7.5363121033,1.0601997375
BATT_MODEL_RAW:,453,45202.255369,7.6408596039,7.5348091125,1.0605049133
BATT_MODEL_RAW:,454,45302.259957,7.6393566132,7.5332717896,1.0608482361
BATT_MODEL_RAW:,455,45402.264414,7.6378479004,7.5317440033,1.0610389709
BATT_MODEL_RAW:,456,45502.268703,7.6363525391,7.530216217,1.0613632202
BATT_MODEL_RAW:,457,45602.274759,7.634847641,7.5286712646,1.0617637634
BATT_MODEL_RAW:,458,45702.280687,7.6333141327,7.52709198,1.0622215271
BATT_MODEL_RAW:,459,45802.285722,7.6317882538,7.5255222321,1.0626602173
BATT_MODEL_RAW:,460,45902.292269,7.6302700043,7.5239715576,1.0629844666
BATT_MODEL_RAW:,461,46002.299031,7.6287384033,7.5224208832,1.0631752014
BATT_MODEL_RAW:,462,46102.302559,7.627161026,7.5208415985,1.0631942749
BATT_MODEL_RAW:,463,46202.308344,7.6256065369,7.519241333,1.0636520386
BATT_MODEL_RAW:,464,46302.31349,7.6240406036,7.5176277161,1.0641288757
BATT_MODEL_RAW:,465,46402.318953,7.6224575043,7.5159854889,1.0647201538
BATT_MODEL_RAW:,466,46502.324831,7.6208000183,7.5143318176,1.0646820068
BATT_MODEL_RAW:,467,46602.331164,7.6191673279,7.5126876831,1.0647964478
BATT_MODEL_RAW:,468,46702.338546,7.6175270081,7.5110034943,1.0652351379
BATT_MODEL_RAW:,469,46802.343163,7.6158542633,7.5093021393,1.0655212402
BATT_MODEL_RAW:,470,46902.34956,7.6142024994,7.5076026917,1.0659980774
BATT_MODEL_RAW:,471,47002.355992,7.6125278473,7.5058670044,1.066608429
BATT_MODEL_RAW:,472,47102.360882,7.6108398438,7.5041465759,1.0669326782
BATT_MODEL_RAW:,473,47202.366345,7.6091346741,7.5024356842,1.0669898987
BATT_MODEL_RAW:,474,47302.372411,7.6074504852,7.5007095337,1.0674095154
BATT_MODEL_RAW:,475,47402.378571,7.6057281494,7.4989547729,1.0677337646
BATT_MODEL_RAW:,476,47502.383559,7.6040210724,7.4971942902,1.0682678223
BATT_MODEL_RAW:,477,47602.390217,7.6023006439,7.4954338074,1.0686683655
BATT_MODEL_RAW:,478,47702.396454,7.600566864,7.4936828613,1.0688400269
BATT_MODEL_RAW:,479,47802.400227,7.5988311768,7.4919109344,1.0692024231
BATT_MODEL_RAW:,480,47902.406218,7.5970993042,7.4901485443,1.0695075989
BATT_MODEL_RAW:,481,48002.411835,7.5953521729,7.4883708954,1.0698127747
BATT_MODEL_RAW:,482,48102.416581,7.5935993195,7.4865913391,1.0700798035
BATT_MODEL_RAW:,483,48202.421454,7.5918426514,7.484796524,1.0704612732
BATT_MODEL_RAW:,484,48302.427169,7.5900707245,7.483007431,1.0706329346
BATT_MODEL_RAW:,485,48402.436058,7.5883083344,7.4811916351,1.0711669922
BATT_MODEL_RAW:,486,48502.442306,7.5865116119,7.4793777466,1.0713386536
BATT_MODEL_RAW:,487,48602.449654,7.5847606659,7.4775791168,1.0718154907
BATT_MODEL_RAW:,488,48702.456181,7.5829734802,7.4757575989,1.0721588135
BATT_MODEL_RAW:,489,48802.46121,7.5812129974,7.4739398956,1.0727310181
BATT_MODEL_RAW:,490,48902.466058,7.5794296265,7.4721298218,1.0729980469
BATT_MODEL_RAW:,491,49002.472825,7.5776424408,7.4703140259,1.0732841492
BATT_MODEL_RAW:,492,49102.481175,7.5758647919,7.4684906006,1.0737419128
BATT_MODEL_RAW:,493,49202.486259,7.5740947723,7.4666843414,1.0741043091
BATT_MODEL_RAW:,494,49302.491944,7.5722885132,7.4648666382,1.07421875
BATT_MODEL_RAW:,495,49402.497421,7.5704936981,7.4630279541,1.0746574402
BATT_MODEL_RAW:,496,49502.502582,7.5687084198,7.4612045288,1.0750389099
BATT_MODEL_RAW:,497,49602.507511,7.5669078827,7.4593715668,1.0753631592
BATT_MODEL_RAW:,498,49702.513822,7.5650978088,7.4575386047,1.075592041
BATT_MODEL_RAW:,499,49802.520591,7.5632820129,7.4556674957,1.0761451721
BATT_MODEL_RAW:,500,49902.526029,7.5614948273,7.453868866,1.076259613
BATT_MODEL_RAW:,501,50002.534231,7.5596847534,7.4520187378,1.0766601563
BATT_MODEL_RAW:,502,50102.539911,7.557849884,7.4501438141,1.0770606995
BATT_MODEL_RAW:,503,50202.547289,7.5559749603,7.4482307434,1.0774421692
BATT_MODEL_RAW:,504,50302.553203,7.5540943146,7.4463043213,1.0778999329
BATT_MODEL_RAW:,505,50402.559832,7.5521678925,7.4443416595,1.0782623291
BATT_MODEL_RAW:,506,50502.567242,7.5502109528,7.4423599243,1.0785102844
BATT_MODEL_RAW:,507,50602.571165,7.5482654572,7.440372467,1.0789299011
BATT_MODEL_RAW:,508,50702.577567,7.5463218689,7.4383907318,1.0793113708
BATT_MODEL_RAW:,509,50802.584021,7.5443305969,7.4363689423,1.0796165466
BATT_MODEL_RAW:,510,50902.58842,7.5423488617,7.4343490601,1.0799980164
BATT_MODEL_RAW:,511,51002.59565,7.5403862,7.4323577881,1.0802841187
BATT_MODEL_RAW:,512,51102.601286,7.5384311676,7.4303455353,1.0808563232
BATT_MODEL_RAW:,513,51202.607039,7.5364303589,7.4283103943,1.081199646
BATT_MODEL_RAW:,514,51302.613456,7.5343952179,7.426235199,1.0816001892
BATT_MODEL_RAW:,515,51402.617984,7.5323562622,7.424156189,1.0820007324
BATT_MODEL_RAW:,516,51502.625502,7.5303001404,7.4220504761,1.0824966431
BATT_MODEL_RAW:,517,51602.630445,7.5282020569,7.4199199677,1.0828208923
BATT_MODEL_RAW:,518,51702.636875,7.5260982513,7.417766571,1.083316803
BATT_MODEL_RAW:,519,51802.643033,7.5240020752,7.4156246185,1.0837745667
BATT_MODEL_RAW:,520,51902.648878,7.521894455,7.413482666,1.0841178894
BATT_MODEL_RAW:,521,52002.655337,7.5197792053,7.4113235474,1.0845565796
BATT_MODEL_RAW:,522,52102.661531,7.5176353455,7.4091567993,1.0847854614
BATT_MODEL_RAW:,523,52202.670369,7.5155391693,7.4069900513,1.0854911804
BATT_MODEL_RAW:,524,52302.675786,7.5133991241,7.4048080444,1.0859107971
BATT_MODEL_RAW:,525,52402.681267,7.5112438202,7.4026165009,1.0862731934
BATT_MODEL_RAW:,526,52502.688861,7.5090408325,7.4003696442,1.0867118835
BATT_MODEL_RAW:,527,52602.695177,7.5069160461,7.3981666565,1.0874938965
BATT_MODEL_RAW:,528,52702.701624,7.5047054291,7.3959312439,1.0877418518
BATT_MODEL_RAW:,529,52802.708806,7.5025272369,7.3937225342,1.0880470276
BATT_MODEL_RAW:,530,52902.71538,7.5003356934,7.3914928436,1.0884284973
BATT_MODEL_RAW:,531,53002.721649,7.4981651306,7.3892555237,1.0890960693
BATT_MODEL_RAW:,532,53102.727542,7.4959659576,7.3870201111,1.0894584656
BATT_MODEL_RAW:,533,53202.733833,7.4937763214,7.3847904205,1.0898590088
BATT_MODEL_RAW:,534,53302.740245,7.491569519,7.3825435638,1.090259552
BATT_MODEL_RAW:,535,53402.745273,7.4893875122,7.3803310394,1.0905647278
BATT_MODEL_RAW:,536,53502.751241,7.4871940613,7.3780708313,1.0912322998
BATT_MODEL_RAW:,537,53602.757618,7.4849796295,7.3758125305,1.09167099
BATT_MODEL_RAW:,538,53702.763603,7.4827461243,7.3735389709,1.0920715332
BATT_MODEL_RAW:,539,53802.768464,7.4805183411,7.3712692261,1.0924911499
BATT_MODEL_RAW:,540,53902.774011,7.4782829285,7.3689975739,1.0928535461
BATT_MODEL_RAW:,541,54002.778222,7.476026535,7.3666820526,1.0934448242
BATT_MODEL_RAW:,542,54102.783124,7.4737987518,7.3644123077,1.0938644409
BATT_MODEL_RAW:,543,54202.789547,7.4715805054,7.3621463776,1.0943412781
BATT_MODEL_RAW:,544,54302.795176,7.4693546295,7.3598976135,1.0945701599
BATT_MODEL_RAW:,545,54402.800367,7.4671077728,7.3576107025,1.0949707031
BATT_MODEL_RAW:,546,54502.806039,7.4649009705,7.3553371429,1.0956382751
BATT_MODEL_RAW:,547,54602.814018,7.4626369476,7.3530406952,1.0959625244
BATT_MODEL_RAW:,548,54702.819228,7.4603729248,7.3507480621,1.0962486267
BATT_MODEL_RAW:,549,54802.825073,7.4581184387,7.3484382629,1.0968017578
BATT_MODEL_RAW:,550,54902.831992,7.4558486938,7.3461456299,1.0970306396
BATT_MODEL_RAW:,551,55002.838938,7.4535942078,7.3438396454,1.0975456238
BATT_MODEL_RAW:,552,55102.84548,7.4513397217,7.3415470123,1.0979270935
BATT_MODEL_RAW:,553,55202.850916,7.4490871429,7.339258194,1.0982894897
BATT_MODEL_RAW:,554,55302.858775,7.4468097687,7.3369636536,1.0984611511
BATT_MODEL_RAW:,555,55402.864775,7.4445285797,7.3346176147,1.0991096497
BATT_MODEL_RAW:,556,55502.869923,7.4422664642,7.3323230743,1.0994338989
BATT_MODEL_RAW:,557,55602.877924,7.4399814606,7.3300209045,1.0996055603
BATT_MODEL_RAW:,558,55702.883068,7.4377059937,7.3276958466,1.1001014709
BATT_MODEL_RAW:,559,55802.889519,7.4354381561,7.3254013062,1.1003684998
BATT_MODEL_RAW:,560,55902.894991,7.4331665039,7.3230934143,1.100730896
BATT_MODEL_RAW:,561,56002.902386,7.430896759,7.3207817078,1.1011505127
BATT_MODEL_RAW:,562,56102.907997,7.4286518097,7.3184909821,1.1016082764
BATT_MODEL_RAW:,563,56202.911904,7.4263763428,7.3161792755,1.1019706726
BATT_MODEL_RAW:,564,56302.918434,7.4240875244,7.313873291,1.102142334
BATT_MODEL_RAW:,565,56402.923369,7.4217987061,7.3115367889,1.1026191711
BATT_MODEL_RAW:,566,56502.929589,7.4195232391,7.3092308044,1.1029243469
BATT_MODEL_RAW:,567,56602.935551,7.4172229767,7.3068943024,1.1032867432
BATT_MODEL_RAW:,568,56702.940139,7.4149036407,7.3045330048,1.1037063599
BATT_MODEL_RAW:,569,56802.94642,7.4125995636,7.3022041321,1.1039543152
BATT_MODEL_RAW:,570,56902.950688,7.4102954865,7.299861908,1.1043357849
BATT_MODEL_RAW:,571,57002.959422,7.407951355,7.2975120544,1.1043930054
BATT_MODEL_RAW:,572,57102.966342,7.4056339264,7.2951545715,1.1047935486
BATT_MODEL_RAW:,573,57202.968643,7.4033184052,7.2928180695,1.1050033569
BATT_MODEL_RAW:,574,57302.974057,7.4010181427,7.2904758453,1.1054229736
BATT_MODEL_RAW:,575,57402.978633,7.3987026215,7.2881412506,1.1056137085
BATT_MODEL_RAW:,576,57502.982895,7.3964061737,7.2858047485,1.1060142517
BATT_MODEL_RAW:,577,57602.985271,7.3940982819,7.2834606171,1.1063766479
BATT_MODEL_RAW:,578,57702.989677,7.3917808533,7.2811126709,1.1066818237
BATT_MODEL_RAW:,579,57802.992097,7.3894557953,7.2787532806,1.1070251465
BATT_MODEL_RAW:,580,57902.994847,7.3871021271,7.2763462067,1.1075592041
BATT_MODEL_RAW:,581,58002.997223,7.3847293854,7.2739868164,1.1074256897
BATT_MODEL_RAW:,582,58102.999729,7.3824119568,7.2716178894,1.1079406738
BATT_MODEL_RAW:,583,58203.001179,7.3800449371,7.2692070007,1.108379364
BATT_MODEL_RAW:,584,58303.002688,7.3776988983,7.2668399811,1.1085891724
BATT_MODEL_RAW:,585,58403.006238,7.3753261566,7.2644462585,1.1087989807
BATT_MODEL_RAW:,586,58503.008286,7.372959137,7.2620315552,1.1092758179
BATT_MODEL_RAW:,587,58603.01185,7.37059021,7.2596302032,1.1096000671
BATT_MODEL_RAW:,588,58703.015404,7.3682193756,7.2572612762,1.1095809937
BATT_MODEL_RAW:,589,58803.016851,7.3658599854,7.254863739,1.1099624634
BATT_MODEL_RAW:,590,58903.01962,7.3635101318,7.2524776459,1.1103248596
BATT_MODEL_RAW:,591,59003.020621,7.3611106873,7.2500419617,1.1106872559
BATT_MODEL_RAW:,592,59103.023975,7.3587265015,7.247631073,1.1109542847
BATT_MODEL_RAW:,593,59203.027948,7.3563270569,7.2451972961,1.1112976074
BATT_MODEL_RAW:,594,59303.030618,7.3539218903,7.2427768707,1.1114501953
BATT_MODEL_RAW:,595,59403.03461,7.3515319824,7.24036026,1.1117172241
BATT_MODEL_RAW:,596,59503.036488,7.3490943909,7.2379264832,1.1116790771
BATT_MODEL_RAW:,597,59603.039409,7.3466873169,7.2354869843,1.1120033264
BATT_MODEL_RAW:,598,59703.041498,7.3442764282,7.2330322266,1.1124420166
BATT_MODEL_RAW:,599,59803.044793,7.3418598175,7.2305965424,1.1126327515
BATT_MODEL_RAW:,600,59903.048192,7.3394432068,7.2281570435,1.1128616333
BATT_MODEL_RAW:,601,60003.051475,7.3370170593,7.2256832123,1.1133384705
BATT_MODEL_RAW:,602,60103.05735,7.3345565796,7.2232074738,1.1134910583
BATT_MODEL_RAW:,603,60203.059026,7.3321170807,7.2207527161,1.1136436462
BATT_MODEL_RAW:,604,60303.062073,7.3296756744,7.2182788849,1.1139678955
BATT_MODEL_RAW:,605,60403.066721,7.3272037506,7.2157936096,1.1141014099
BATT_MODEL_RAW:,606,60503.069647,7.3247280121,7.2133026123,1.1142539978
BATT_MODEL_RAW:,607,60603.07212,7.3222560883,7.2107982635,1.1145782471
BATT_MODEL_RAW:,608,60703.074311,7.3197841644,7.2083110809,1.114730835
BATT_MODEL_RAW:,609,60803.077996,7.3173542023,7.2058467865,1.1150741577
BATT_MODEL_RAW:,610,60903.081252,7.3148403168,7.2033042908,1.11536026
BATT_MODEL_RAW:,611,61003.084193,7.3123455048,7.2008113861,1.1153411865
BATT_MODEL_RAW:,612,61103.084837,7.3098220825,7.1982460022,1.1157608032
BATT_MODEL_RAW:,613,61203.086722,7.3072929382,7.1957302094,1.1156272888
BATT_MODEL_RAW:,614,61303.087706,7.3047962189,7.1932010651,1.1159515381
BATT_MODEL_RAW:,615,61403.088069,7.3022537231,7.1906204224,1.1163330078
BATT_MODEL_RAW:,616,61503.090137,7.2997531891,7.1880893707,1.1166381836
BATT_MODEL_RAW:,617,61603.092228,7.297203064,7.1855201721,1.1168289185
BATT_MODEL_RAW:,618,61703.093516,7.2946796417,7.1830005646,1.1167907715
BATT_MODEL_RAW:,619,61803.095045,7.2920970917,7.1803970337,1.1170005798
BATT_MODEL_RAW:,620,61903.097526,7.2895698547,7.1778526306,1.1171722412
BATT_MODEL_RAW:,621,62003.099036,7.287021637,7.1752471924,1.1177444458
BATT_MODEL_RAW:,622,62103.099907,7.2844181061,7.1726398468,1.1177825928
BATT_MODEL_RAW:,623,62203.104157,7.281867981,7.1700725555,1.1179542542
BATT_MODEL_RAW:,624,62303.106301,7.2792453766,7.1674385071,1.1180686951
BATT_MODEL_RAW:,625,62403.107353,7.2766895294,7.1648464203,1.1184310913
BATT_MODEL_RAW:,626,62503.109474,7.2740516663,7.1622085571,1.1184310913
BATT_MODEL_RAW:,627,62603.111488,7.2714443207,7.1595859528,1.1185836792
BATT_MODEL_RAW:,628,62703.114451,7.268825531,7.1569480896,1.1187744141
BATT_MODEL_RAW:,629,62803.124279,7.2661800385,7.1542758942,1.1190414429
BATT_MODEL_RAW:,630,62903.126413,7.2635383606,7.1516094208,1.1192893982
BATT_MODEL_RAW:,631,63003.127168,7.2608699799,7.1489162445,1.1195373535
BATT_MODEL_RAW:,632,63103.130158,7.2582187653,7.1462459564,1.1197280884
BATT_MODEL_RAW:,633,63203.133142,7.2555217743,7.1435279846,1.1199378967
BATT_MODEL_RAW:,634,63303.135785,7.252828598,7.1408004761,1.1202812195
BATT_MODEL_RAW:,635,63403.137603,7.250164032,7.1381092072,1.1205482483
BATT_MODEL_RAW:,636,63503.138391,7.2474555969,7.1353626251,1.120929718
BATT_MODEL_RAW:,637,63603.141674,7.2447605133,7.132648468,1.1211204529
BATT_MODEL_RAW:,638,63703.144207,7.2420272827,7.1298942566,1.1213302612
BATT_MODEL_RAW:,639,63803.154073,7.2392978668,7.1271572113,1.1214065552
BATT_MODEL_RAW:,640,63903.157429,7.2365913391,7.124420166,1.121711731
BATT_MODEL_RAW:,641,64003.159217,7.2338600159,7.121635437,1.1222457886
BATT_MODEL_RAW:,642,64103.162756,7.2310943604,7.1188716888,1.1222267151
BATT_MODEL_RAW:,643,64203.165069,7.2283573151,7.1161136627,1.1224365234
BATT_MODEL_RAW:,644,64303.169134,7.2256317139,7.1133441925,1.1228752136
BATT_MODEL_RAW:,645,64403.171427,7.2228889465,7.1105690002,1.1231994629
BATT_MODEL_RAW:,646,64503.174161,7.2201061249,7.1077632904,1.1234283447
BATT_MODEL_RAW:,647,64603.178647,7.2173557281,7.1049461365,1.1240959167
BATT_MODEL_RAW:,648,64703.182304,7.2145442963,7.1021175385,1.1242675781
BATT_MODEL_RAW:,649,64803.183602,7.2117557526,7.0992832184,1.1247253418
BATT_MODEL_RAW:,650,64903.186483,7.2089576721,7.0964660645,1.1249160767
BATT_MODEL_RAW:,651,65003.189356,7.2061386108,7.0936050415,1.1253356934
BATT_MODEL_RAW:,652,65103.190705,7.2033157349,7.0907592773,1.1255645752
BATT_MODEL_RAW:,653,65203.192747,7.2004947662,7.0878829956,1.1261177063
BATT_MODEL_RAW:,654,65303.195876,7.1976547241,7.0849914551,1.1266326904
BATT_MODEL_RAW:,655,65403.198666,7.1947402954,7.0820655823,1.1267471313
BATT_MODEL_RAW:,656,65503.20149,7.1918640137,7.0791568756,1.1270713806
BATT_MODEL_RAW:,657,65603.211123,7.1890029907,7.0762653351,1.1273765564
BATT_MODEL_RAW:,658,65703.212139,7.1861152649,7.0733375549,1.1277770996
BATT_MODEL_RAW:,659,65803.212574,7.1832122803,7.0703868866,1.1282539368
BATT_MODEL_RAW:,660,65903.213675,7.1802845001,7.0674247742,1.1285972595
BATT_MODEL_RAW:,661,66003.217115,7.1773433685,7.0644683838,1.1287498474
BATT_MODEL_RAW:,662,66103.227244,7.1744174957,7.061498642,1.1291885376
BATT_MODEL_RAW:,663,66203.228733,7.1714611053,7.0585174561,1.1294364929
BATT_MODEL_RAW:,664,66303.230164,7.1685028076,7.0555305481,1.1297225952
BATT_MODEL_RAW:,665,66403.230909,7.1655502319,7.0525531769,1.1299705505
BATT_MODEL_RAW:,666,66503.232962,7.1625804901,7.0495452881,1.1303520203
BATT_MODEL_RAW:,667,66603.234176,7.1595954895,7.0465488434,1.1304664612
BATT_MODEL_RAW:,668,66703.236639,7.1565818787,7.0434913635,1.1309051514
BATT_MODEL_RAW:,669,66803.237701,7.1535778046,7.0404605865,1.1311721802
BATT_MODEL_RAW:,670,66903.237941,7.1505661011,7.0374126434,1.1315345764
BATT_MODEL_RAW:,671,67003.239853,7.1475429535,7.0343608856,1.1318206787
BATT_MODEL_RAW:,672,67103.241333,7.144487381,7.0312595367,1.1322784424
BATT_MODEL_RAW:,673,67203.244306,7.1414413452,7.0281982422,1.1324310303
BATT_MODEL_RAW:,674,67303.246135,7.1383705139,7.0250988007,1.1327171326
BATT_MODEL_RAW:,675,67403.24752,7.1352710724,7.0219631195,1.1330795288
BATT_MODEL_RAW:,676,67503.24835,7.1321582794,7.0188140869,1.133441925
BATT_MODEL_RAW:,677,67603.249285,7.1290531158,7.0156745911,1.1337852478
BATT_MODEL_RAW:,678,67703.251163,7.1259441376,7.0125255585,1.134185791
BATT_MODEL_RAW:,679,67803.253518,7.1227722168,7.0093326569,1.1343955994
BATT_MODEL_RAW:,680,67903.254054,7.119644165,7.0061359406,1.1350822449
BATT_MODEL_RAW:,681,68003.256165,7.1164302826,7.0028839111,1.1354637146
BATT_MODEL_RAW:,682,68103.259243,7.1132278442,6.9996528625,1.1357498169
BATT_MODEL_RAW:,683,68203.2691,7.1100635529,6.9964485168,1.1361503601
BATT_MODEL_RAW:,684,68303.271521,7.1068534851,6.9932117462,1.1364173889
BATT_MODEL_RAW:,685,68403.272221,7.1036281586,6.989944458,1.1368370056
BATT_MODEL_RAW:,686,68503.274185,7.1003932953,6.9866809845,1.1371231079
BATT_MODEL_RAW:,687,68603.275742,7.0971164703,6.9833450317,1.137714386
BATT_MODEL_RAW:,688,68703.277659,7.093832016,6.9800243378,1.1380767822
BATT_MODEL_RAW:,689,68803.281164,7.0905151367,6.9766597748,1.1385536194
BATT_MODEL_RAW:,690,68903.282199,7.0872192383,6.9733142853,1.13904953
BATT_MODEL_RAW:,691,69003.283824,7.0838985443,6.9699497223,1.1394882202
BATT_MODEL_RAW:,692,69103.285845,7.080575943,6.9665794373,1.1399650574
BATT_MODEL_RAW:,693,69203.286931,7.0772285461,6.9631881714,1.1404037476
BATT_MODEL_RAW:,694,69303.288427,7.0738716125,6.9597797394,1.1409187317
BATT_MODEL_RAW:,695,69403.289755,7.070476532,6.9563293457,1.1414718628
BATT_MODEL_RAW:,696,69503.29157,7.0670719147,6.9528636932,1.1420822144
BATT_MODEL_RAW:,697,69603.29231,7.0636234283,6.949382782,1.1424064636
BATT_MODEL_RAW:,698,69703.293819,7.0601768494,6.9458732605,1.1430358887
BATT_MODEL_RAW:,699,69803.29621,7.0566978455,6.9423561096,1.1434173584
BATT_MODEL_RAW:,700,69903.29755,7.0532341003,6.938835144,1.143989563
BATT_MODEL_RAW:,701,70003.299109,7.049779892,6.9353351593,1.1444473267
BATT_MODEL_RAW:,702,70103.301548,7.0462799072,6.9317626953,1.1451721191
BATT_MODEL_RAW:,703,70203.305388,7.0427589417,6.9282188416,1.145401001
BATT_MODEL_RAW:,704,70303.308243,7.0392189026,6.9246101379,1.1460876465
BATT_MODEL_RAW:,705,70403.311886,7.0356559753,6.9209976196,1.1465835571
BATT_MODEL_RAW:,706,70503.316008,7.032081604,6.9173908234,1.1469078064
BATT_MODEL_RAW:,707,70603.318834,7.028459549,6.9137172699,1.1474227905
BATT_MODEL_RAW:,708,70703.322065,7.0248527527,6.9100399017,1.1481285095
BATT_MODEL_RAW:,709,70803.324732,7.0212268829,6.9063587189,1.1486816406
BATT_MODEL_RAW:,710,70903.328766,7.0175437927,6.9026279449,1.1491584778
BATT_MODEL_RAW:,711,71003.329363,7.0138816833,6.8988952637,1.1498641968
BATT_MODEL_RAW:,712,71103.331343,7.0101718903,6.895149231,1.150226593
BATT_MODEL_RAW:,713,71203.334,7.0064620972,6.8913841248,1.1507797241
BATT_MODEL_RAW:,714,71303.336483,7.0027275085,6.8875808716,1.1514663696
BATT_MODEL_RAW:,715,71403.340439,6.9989566803,6.8837299347,1.1522674561
BATT_MODEL_RAW:,716,71503.344319,6.9951877594,6.8798961639,1.1529159546
BATT_MODEL_RAW:,717,71603.348337,6.9913787842,6.8760051727,1.1537361145
BATT_MODEL_RAW:,718,71703.349831,6.9875602722,6.8721179962,1.15442276
BATT_MODEL_RAW:,719,71803.352548,6.9837265015,6.8682174683,1.155090332
BATT_MODEL_RAW:,720,71903.355655,6.9798641205,6.8642711639,1.1559295654
BATT_MODEL_RAW:,721,72003.35714,6.9760055542,6.8603553772,1.15650177
BATT_MODEL_RAW:,722,72103.360262,6.9721240997,6.8564186096,1.1570549011
BATT_MODEL_RAW:,723,72203.363533,6.968214035,6.8524169922,1.1579704285
BATT_MODEL_RAW:,724,72303.365647,6.9643135071,6.8484191895,1.1589431763
BATT_MODEL_RAW:,725,72403.367932,6.9603157043,6.8443546295,1.1596107483
BATT_MODEL_RAW:,726,72503.369763,6.9563350677,6.8402843475,1.1605072021
BATT_MODEL_RAW:,727,72603.37333,6.952331543,6.8362102509,1.1612129211
BATT_MODEL_RAW:,728,72703.374159,6.9483184814,6.8321399689,1.1617851257
BATT_MODEL_RAW:,729,72803.376126,6.9442558289,6.8279933929,1.1626243591
BATT_MODEL_RAW:,730,72903.378954,6.940196991,6.8238334656,1.1636352539
BATT_MODEL_RAW:,731,73003.380822,6.9361133575,6.8196620941,1.1645126343
BATT_MODEL_RAW:,732,73103.382116,6.9319629669,6.8154315948,1.1653137207
BATT_MODEL_RAW:,733,73203.383918,6.9278144836,6.8112163544,1.1659812927
BATT_MODEL_RAW:,734,73303.386382,6.9235954285,6.8069229126,1.1667251587
BATT_MODEL_RAW:,735,73403.396104,6.9194011688,6.8026371002,1.167640686
BATT_MODEL_RAW:,736,73503.396832,6.9151687622,6.7983341217,1.168346405
BATT_MODEL_RAW:,737,73603.398411,6.9109344482,6.7940044403,1.1693000793
BATT_MODEL_RAW:,738,73703.399129,6.9066505432,6.7896251678,1.1702537537
BATT_MODEL_RAW:,739,73803.400372,6.9023456573,6.7852516174,1.1709403992
BATT_MODEL_RAW:,740,73903.401324,6.8980350494,6.7808704376,1.1716461182
BATT_MODEL_RAW:,741,74003.404651,6.8936443329,6.7763977051,1.1724662781
BATT_MODEL_RAW:,742,74103.40579,6.8892631531,6.7719268799,1.1733627319
BATT_MODEL_RAW:,743,74203.407535,6.8848609924,6.7674503326,1.1741065979
BATT_MODEL_RAW:,744,74303.409779,6.8804149628,6.7628936768,1.1752128601
BATT_MODEL_RAW:,745,74403.41106,6.8759384155,6.7583141327,1.1762428284
BATT_MODEL_RAW:,746,74503.414002,6.8714103699,6.753698349,1.1771202087
BATT_MODEL_RAW:,747,74603.417268,6.8668727875,6.74908638,1.1778640747
BATT_MODEL_RAW:,748,74703.420412,6.8623008728,6.7444267273,1.1787414551
BATT_MODEL_RAW:,749,74803.421917,6.8577480316,6.7397842407,1.1796379089
BATT_MODEL_RAW:,750,74903.424849,6.8531188965,6.7350559235,1.1806297302
BATT_MODEL_RAW:,751,75003.42703,6.8484649658,6.7303256989,1.1813926697
BATT_MODEL_RAW:,752,75103.429414,6.8437900543,6.725566864,1.1822319031
BATT_MODEL_RAW:,753,75203.432984,6.8390598297,6.7207431793,1.1831665039
BATT_MODEL_RAW:,754,75303.435525,6.8343334198,6.7159309387,1.1840248108
BATT_MODEL_RAW:,755,75403.439748,6.8295783997,6.7110729218,1.1850547791
BATT_MODEL_RAW:,756,75503.441422,6.8247814178,6.7062168121,1.1856460571
BATT_MODEL_RAW:,757,75603.446159,6.8199539185,6.7012786865,1.1867523193
BATT_MODEL_RAW:,758,75703.450229,6.8151073456,6.6963386536,1.1876869202
BATT_MODEL_RAW:,759,75803.452337,6.8102283478,6.691362381,1.188659668
BATT_MODEL_RAW:,760,75903.456208,6.8052692413,6.6862888336,1.1898040771
BATT_MODEL_RAW:,761,76003.458652,6.8003158569,6.6812438965,1.1907196045
BATT_MODEL_RAW:,762,76103.461214,6.795337677,6.6761837006,1.1915397644
BATT_MODEL_RAW:,763,76203.463002,6.7903079987,6.6710586548,1.1924934387
BATT_MODEL_RAW:,764,76303.465178,6.7852497101,6.6659164429,1.1933326721
BATT_MODEL_RAW:,765,76403.468576,6.7802028656,6.660774231,1.1942863464
BATT_MODEL_RAW:,766,76503.469542,6.7751522064,6.6555995941,1.195526123
BATT_MODEL_RAW:,767,76603.471975,6.7699985504,6.6503677368,1.196308136
BATT_MODEL_RAW:,768,76703.473761,6.7648086548,6.6450786591,1.1972999573
BATT_MODEL_RAW:,769,76803.483916,6.7596244812,6.6398200989,1.1980438232
BATT_MODEL_RAW:,770,76903.493933,6.7543544769,6.6344928741,1.1986160278
BATT_MODEL_RAW:,771,77003.494665,6.7490978241,6.6291446686,1.1995315552
BATT_MODEL_RAW:,772,77103.495979,6.7438201904,6.6237792969,1.2004089355
BATT_MODEL_RAW:,773,77203.496619,6.7385234833,6.6183776855,1.2014579773
BATT_MODEL_RAW:,774,77303.496983,6.7331581116,6.6129322052,1.2022590637
BATT_MODEL_RAW:,775,77403.499065,6.7278079987,6.6074886322,1.2031936646
BATT_MODEL_RAW:,776,77503.509287,6.7224845886,6.6020755768,1.2040901184
BATT_MODEL_RAW:,777,77603.519098,6.7170886993,6.5966300964,1.2045860291
BATT_MODEL_RAW:,778,77703.519957,6.7116584778,6.5911216736,1.205368042
BATT_MODEL_RAW:,779,77803.521327,6.7061958313,6.5855846405,1.206111908
BATT_MODEL_RAW:,780,77903.530902,6.700717926,6.5799999237,1.2071800232
BATT_MODEL_RAW:,781,78003.53911,6.6951980591,6.5743751526,1.2082290649
BATT_MODEL_RAW:,782,78103.54026,6.6896305084,6.5687427521,1.2088775635
BATT_MODEL_RAW:,783,78203.548515,6.684009552,6.5630435944,1.2096595764
BATT_MODEL_RAW:,784,78303.556289,6.6783866882,6.5573692322,1.2101745605
BATT_MODEL_RAW:,785,78403.565691,6.6727275848,6.5516242981,1.2110328674
BATT_MODEL_RAW:,786,78503.575474,6.6670646667,6.545873642,1.2119102478
BATT_MODEL_RAW:,787,78603.582655,6.6613769531,6.5401039124,1.2127304077
BATT_MODEL_RAW:,788,78703.591909,6.6556930542,6.5343170166,1.213760376
BATT_MODEL_RAW:,789,78803.601494,6.6498966217,6.5284748077,1.2142181396
BATT_MODEL_RAW:,790,78903.609489,6.6441440582,6.5226268768,1.215171814
BATT_MODEL_RAW:,791,79003.617032,6.6383152008,6.5166912079,1.2162399292
BATT_MODEL_RAW:,792,79103.625734,6.6324958801,6.5108032227,1.2169265747
BATT_MODEL_RAW:,793,79203.635597,6.6266403198,6.5048694611,1.2177085876
BATT_MODEL_RAW:,794,79303.645458,6.6207695007,6.4989089966,1.2186050415
BATT_MODEL_RAW:,795,79403.65422,6.6148452759,6.4929122925,1.219329834
BATT_MODEL_RAW:,796,79503.656259,6.6089458466,6.4869823456,1.2196350098
BATT_MODEL_RAW:,797,79603.663386,6.6030216217,6.4810009003,1.2202072144
BATT_MODEL_RAW:,798,79703.673435,6.5970516205,6.47498703,1.2206459045
BATT_MODEL_RAW:,799,79803.67397,6.5910606384,6.4689674377,1.2209320068
BATT_MODEL_RAW:,800,79903.67421,6.5850696564,6.4628753662,1.2219429016
BATT_MODEL_RAW:,801,80003.674472,6.5790081024,6.4567623138,1.2224578857
BATT_MODEL_RAW:,802,80103.682556,6.5729866028,6.4506454468,1.2234115601
BATT_MODEL_RAW:,803,80203.684191,6.5669116974,6.4445304871,1.2238121033
BATT_MODEL_RAW:,804,80303.693465,6.5609016418,6.4384689331,1.2243270874
BATT_MODEL_RAW:,805,80403.702814,6.5548267365,6.4323291779,1.2249755859
BATT_MODEL_RAW:,806,80503.703883,6.5487670898,6.426153183,1.2261390686
BATT_MODEL_RAW:,807,80603.712301,6.5426673889,6.419965744,1.227016449
BATT_MODEL_RAW:,808,80703.721807,6.5365772247,6.4138126373,1.227645874
BATT_MODEL_RAW:,809,80803.731094,6.5305328369,6.4076442719,1.2288856506
BATT_MODEL_RAW:,810,80903.731674,6.5244483948,6.4014759064,1.229724884
BATT_MODEL_RAW:,811,81003.740963,6.5184402466,6.3953895569,1.230506897
BATT_MODEL_RAW:,812,81103.7499,6.5124168396,6.3892173767,1.2319946289
BATT_MODEL_RAW:,813,81203.759711,6.5063819885,6.3830184937,1.2336349487
BATT_MODEL_RAW:,814,81303.769767,6.5004196167,6.376914978,1.2350463867
BATT_MODEL_RAW:,815,81403.778717,6.4945030212,6.3708667755,1.2363624573
BATT_MODEL_RAW:,816,81503.779212,6.4885730743,6.364774704,1.2379837036
BATT_MODEL_RAW:,817,81603.788858,6.482755661,6.3587360382,1.240196228
BATT_MODEL_RAW:,818,81703.797553,6.4769134521,6.352689743,1.2422370911
BATT_MODEL_RAW:,819,81803.797962,6.4711532593,6.3467082977,1.2444496155
BATT_MODEL_RAW:,820,81903.807776,6.4653987885,6.3406906128,1.2470817566
BATT_MODEL_RAW:,821,82003.817159,6.4597110748,6.3347530365,1.2495803833
BATT_MODEL_RAW:,822,82103.826095,6.4541168213,6.3288326263,1.2528419495
BATT_MODEL_RAW:,823,82203.836007,6.4485225677,6.3228702545,1.2565231323
BATT_MODEL_RAW:,824,82303.846077,6.442987442,6.316942215,1.2604522705
BATT_MODEL_RAW:,825,82403.854777,6.4375152588,6.3111190796,1.263961792
BATT_MODEL_RAW:,826,82503.864373,6.4321269989,6.3052845001,1.2684249878
BATT_MODEL_RAW:,827,82603.874166,6.426700592,6.2994327545,1.2726783752
BATT_MODEL_RAW:,828,82703.881954,6.4212875366,6.2935695648,1.277179718
BATT_MODEL_RAW:,829,82803.891684,6.4159412384,6.2877979279,1.2814331055
BATT_MODEL_RAW:,830,82903.901238,6.4106636047,6.2820587158,1.2860488892
BATT_MODEL_RAW:,831,83003.911001,6.4053916931,6.2762336731,1.2915802002
BATT_MODEL_RAW:,832,83103.918804,6.4001464844,6.270488739,1.2965774536
BATT_MODEL_RAW:,833,83203.926698,6.3948478699,6.2647209167,1.3012695313
BATT_MODEL_RAW:,834,83303.936395,6.389673233,6.2590312958,1.3064193726
BATT_MODEL_RAW:,835,83403.944916,6.384469986,6.2532978058,1.3117218018
BATT_MODEL_RAW:,836,83503.953305,6.3793392181,6.2476501465,1.3168907166
BATT_MODEL_RAW:,837,83603.962646,6.3741912842,6.2419929504,1.3219833374
BATT_MODEL_RAW:,838,83703.970778,6.3690567017,6.2362670898,1.3278961182
BATT_MODEL_RAW:,839,83803.978686,6.3639183044,6.2305278778,1.3339042664
BATT_MODEL_RAW:,840,83903.986727,6.358751297,6.2248020172,1.3394927979
BATT_MODEL_RAW:,841,84003.996823,6.3535194397,6.2190380096,1.3448143005
BATT_MODEL_RAW:,842,84104.003797,6.3483142853,6.2132854462,1.3502883911
BATT_MODEL_RAW:,843,84204.012131,6.3430366516,6.2074127197,1.3562393188
BATT_MODEL_RAW:,844,84304.02214,6.3377361298,6.2015571594,1.3617897034
BATT_MODEL_RAW:,845,84404.029946,6.3324737549,6.1957683563,1.3670539856
BATT_MODEL_RAW:,846,84504.037843,6.3271160126,6.1898708344,1.3724517822
BATT_MODEL_RAW:,847,84604.045027,6.3217201233,6.1838855743,1.3783454895
BATT_MODEL_RAW:,848,84704.054077,6.3163452148,6.1779499054,1.3839530945
BATT_MODEL_RAW:,849,84804.059198,6.3109016418,6.1719722748,1.3892936707
BATT_MODEL_RAW:,850,84904.066282,6.3053760529,6.1659355164,1.394405365
BATT_MODEL_RAW:,851,85004.075236,6.2997932434,6.1598052979,1.3998794556
BATT_MODEL_RAW:,852,85104.084096,6.2941360474,6.1536445618,1.404914856
BATT_MODEL_RAW:,853,85204.091568,6.2884464264,6.1474189758,1.4102745056
BATT_MODEL_RAW:,854,85304.100372,6.2826404572,6.1410903931,1.4155006409
BATT_MODEL_RAW:,855,85404.110096,6.2768211365,6.1347522736,1.4206886292
BATT_MODEL_RAW:,856,85504.117725,6.2709178925,6.1282711029,1.4264678955
BATT_MODEL_RAW:,857,85604.1266,6.264913559,6.1217269897,1.4318656921
BATT_MODEL_RAW:,858,85704.126797,6.2588443756,6.1151027679,1.4374160767
BATT_MODEL_RAW:,859,85804.136419,6.2527103424,6.1084213257,1.4428901672
BATT_MODEL_RAW:,860,85904.144607,6.2466106415,6.1017417908,1.4486885071
BATT_MODEL_RAW:,861,86004.15285,6.2404079437,6.0949878693,1.4542007446
BATT_MODEL_RAW:,862,86104.162088,6.2341938019,6.0881690979,1.4602470398
BATT_MODEL_RAW:,863,86204.169541,6.2277698517,6.0811405182,1.466293335
BATT_MODEL_RAW:,864,86304.177021,6.2212982178,6.0740947723,1.4720344543
BATT_MODEL_RAW:,865,86404.185617,6.2148323059,6.067029953,1.4780235291
BATT_MODEL_RAW:,866,86504.193353,6.2082710266,6.0598926544,1.4837837219
BATT_MODEL_RAW:,867,86604.201515,6.2016544342,6.0527000427,1.4895439148
BATT_MODEL_RAW:,868,86704.207921,6.1950111389,6.0454368591,1.4957427979
BATT_MODEL_RAW:,869,86804.217292,6.1882400513,6.0381355286,1.5010452271
BATT_MODEL_RAW:,870,86904.224004,6.1813812256,6.0306816101,1.5069961548
BATT_MODEL_RAW:,871,87004.230623,6.1744861603,6.0231895447,1.512966156
BATT_MODEL_RAW:,872,87104.239901,6.167514801,6.0156517029,1.5186309814
BATT_MODEL_RAW:,873,87204.248821,6.1604824066,6.0080318451,1.5245056152
BATT_MODEL_RAW:,874,87304.2564,6.1533603668,6.000333786,1.5302658081
BATT_MODEL_RAW:,875,87404.26441,6.1461677551,5.9925670624,1.5360069275
BATT_MODEL_RAW:,876,87504.27309,6.1389465332,5.9847869873,1.541595459
BATT_MODEL_RAW:,877,87604.280559,6.1317062378,5.976934433,1.5477180481
BATT_MODEL_RAW:,878,87704.286554,6.1242771149,5.9689807892,1.5529632568
BATT_MODEL_RAW:,879,87804.295641,6.1168022156,5.9609355927,1.5586662292
BATT_MODEL_RAW:,880,87904.302585,6.1093082428,5.9529533386,1.5635490417
BATT_MODEL_RAW:,881,88004.310235,6.1017417908,5.9448337555,1.5690803528
BATT_MODEL_RAW:,882,88104.31863,6.0941028595,5.9365978241,1.575050354
BATT_MODEL_RAW:,883,88204.325919,6.0864105225,5.9283542633,1.5805625916
BATT_MODEL_RAW:,884,88304.333702,6.078584671,5.919921875,1.5866279602
BATT_MODEL_RAW:,885,88404.340113,6.0705909729,5.9114341736,1.5915679932
BATT_MODEL_RAW:,886,88504.348599,6.062538147,5.9028511047,1.5968704224
BATT_MODEL_RAW:,887,88604.357097,6.0544452667,5.8941917419,1.6025352478
BATT_MODEL_RAW:,888,88704.364332,6.0462779999,5.8855247498,1.6075325012
BATT_MODEL_RAW:,889,88804.372502,6.0379905701,5.8767662048,1.6122436523
BATT_MODEL_RAW:,890,88904.381501,6.0295772552,5.8678722382,1.6170501709
BATT_MODEL_RAW:,891,89004.38835,6.0210170746,5.8588562012,1.6216087341
BATT_MODEL_RAW:,892,89104.397,6.0123405457,5.8496990204,1.6264152527
BATT_MODEL_RAW:,893,89204.405595,6.0036716461,5.8405094147,1.6316223145
BATT_MODEL_RAW:,894,89304.412854,5.9947872162,5.8311729431,1.6361427307
BATT_MODEL_RAW:,895,89404.420516,5.985868454,5.8218250275,1.6404342651
BATT_MODEL_RAW:,896,89504.426883,5.976776123,5.8122959137,1.6448020935
BATT_MODEL_RAW:,897,89604.434952,5.9675502777,5.8026313782,1.6491889954
BATT_MODEL_RAW:,898,89704.442438,5.9581718445,5.7928390503,1.6533279419
BATT_MODEL_RAW:,899,89804.450961,5.9488582611,5.7831192017,1.6573905945
BATT_MODEL_RAW:,900,89904.452008,5.9393157959,5.7731990814,1.6611671448
BATT_MODEL_RAW:,901,90004.458265,5.9297370911,5.7631893158,1.6654777527
BATT_MODEL_RAW:,902,90104.46711,5.9198799133,5.7529888153,1.6689109802
BATT_MODEL_RAW:,903,90204.476202,5.9097290039,5.7424888611,1.6724014282
BATT_MODEL_RAW:,904,90304.485182,5.8996047974,5.7320289612,1.6757583618
BATT_MODEL_RAW:,905,90404.494977,5.8893527985,5.7213611603,1.6799163818
BATT_MODEL_RAW:,906,90504.501532,5.8788509369,5.7105941772,1.6825675964
BATT_MODEL_RAW:,907,90604.510625,5.8681488037,5.6995792389,1.6856956482
BATT_MODEL_RAW:,908,90704.518737,5.8573226929,5.6885128021,1.6880989075
BATT_MODEL_RAW:,909,90804.525168,5.8462467194,5.677110672,1.6913604736
BATT_MODEL_RAW:,910,90904.535179,5.8350467682,5.6655578613,1.6948890686
BATT_MODEL_RAW:,911,91004.542758,5.8237400055,5.6539802551,1.6975975037
BATT_MODEL_RAW:,912,91104.549343,5.8121032715,5.6420707703,1.7003250122
BATT_MODEL_RAW:,913,91204.556223,5.8002815247,5.6300086975,1.7027282715
BATT_MODEL_RAW:,914,91304.563949,5.7883453369,5.6177902222,1.7055511475
BATT_MODEL_RAW:,915,91404.56981,5.7759819031,5.6052627563,1.7071914673
BATT_MODEL_RAW:,916,91504.578786,5.7635402679,5.5925559998,1.7098426819
BATT_MODEL_RAW:,917,91604.57909,5.7507610321,5.5795707703,1.7119026184
BATT_MODEL_RAW:,918,91704.588149,5.7376003265,5.5662345886,1.7136573792
BATT_MODEL_RAW:,919,91804.594632,5.7243232727,5.5526065826,1.7171669006
BATT_MODEL_RAW:,920,91904.603007,5.7105922699,5.5387611389,1.7183113098
BATT_MODEL_RAW:,921,92004.6122,5.696685791,5.5246105194,1.7207527161
BATT_MODEL_RAW:,922,92104.618485,5.6823616028,5.510187149,1.7217445374
BATT_MODEL_RAW:,923,92204.62742,5.6676769257,5.4953651428,1.7231178284
BATT_MODEL_RAW:,924,92304.63657,5.6528511047,5.480342865,1.7250823975
BATT_MODEL_RAW:,925,92404.645421,5.6375331879,5.464849472,1.7268371582
BATT_MODEL_RAW:,926,92504.654026,5.6218109131,5.4489879608,1.7282295227
BATT_MODEL_RAW:,927,92604.660947,5.6058692932,5.4328804016,1.729888916
BATT_MODEL_RAW:,928,92704.66956,5.5894699097,5.4163837433,1.7308616638
BATT_MODEL_RAW:,929,92804.676215,5.5727100372,5.399438858,1.732711792
BATT_MODEL_RAW:,930,92904.685446,5.5556201935,5.3821315765,1.7348861694
BATT_MODEL_RAW:,931,93004.69473,5.5381240845,5.3645095825,1.7361450195
BATT_MODEL_RAW:,932,93104.700553,5.5202865601,5.3446464539,1.756401062
BATT_MODEL_RAW:,933,93204.708096,5.5017261505,5.3264770508,1.7524909973
BATT_MODEL_RAW:,934,93304.715084,5.4826068878,5.3073978424,1.7520904541
BATT_MODEL_RAW:,935,93404.72442,5.4629993439,5.2877864838,1.7521286011
BATT_MODEL_RAW:,936,93504.731217,5.4426307678,5.2673931122,1.7523765564
BATT_MODEL_RAW:,937,93604.737826,5.4215641022,5.2462329865,1.7533111572
BATT_MODEL_RAW:,938,93704.746493,5.3995456696,5.2242450714,1.7530059814
BATT_MODEL_RAW:,939,93804.754494,5.3767929077,5.2014274597,1.75365448
BATT_MODEL_RAW:,940,93904.761993,5.3528499603,5.1774349213,1.7541503906
BATT_MODEL_RAW:,941,94004.769721,5.3277053833,5.1521034241,1.7560195923
BATT_MODEL_RAW:,942,94104.778359,5.3004875183,5.1249065399,1.7558097839
BATT_MODEL_RAW:,943,94204.785646,5.2706928253,5.0949802399,1.7571258545
BATT_MODEL_RAW:,944,94304.793377,5.2378330231,5.0620193481,1.7581367493
BATT_MODEL_RAW:,945,94404.802056,5.2027740479,5.0268707275,1.7590332031
BATT_MODEL_RAW:,946,94504.8098,5.1637306213,4.9876480103,1.7608261108
BATT_MODEL_RAW:,947,94604.819332,5.1173381805,4.9411239624,1.7621421814
BATT_MODEL_RAW:,948,94704.828465,5.0497131348,4.8732452393,1.7646789551
BATT_MODEL_RAW:,949,94804.837125,4.9606113434,4.7836551666,1.7695617676
BATT_MODEL_RAW.capacity:,2.6334676979

BATT_MODEL:,Index,Timestamp,Voc,Vload,ESR
BATT_MODEL:,1,94804.802294,4.9606113434,4.7836551666,1.7695617676
BATT_MODEL:,2,93904.727162,5.3528499603,5.1774349213,1.7541503906
BATT_MODEL:,3,92904.650615,5.5556201935,5.3821315765,1.7348861694
BATT_MODEL:,4,92004.577369,5.696685791,5.5246105194,1.7207527161
BATT_MODEL:,5,91004.507926,5.8237400055,5.6539802551,1.6975975037
BATT_MODEL:,6,90104.432278,5.9198799133,5.7529888153,1.6689109802
BATT_MODEL:,7,89104.362169,6.0123405457,5.8496990204,1.6264152527
BATT_MODEL:,8,88204.291088,6.0864105225,5.9283542633,1.5805625916
BATT_MODEL:,9,87204.21399,6.1604824066,6.0080318451,1.5245056152
BATT_MODEL:,10,86304.14219,6.2212982178,6.0740947723,1.4720344543
BATT_MODEL:,11,85304.065541,6.2826404572,6.1410903931,1.4155006409
BATT_MODEL:,12,84403.995115,6.3324737549,6.1957683563,1.3670539856
BATT_MODEL:,13,83403.910084,6.384469986,6.2532978058,1.3117218018
BATT_MODEL:,14,82503.829541,6.4321269989,6.3052845001,1.2684249878
BATT_MODEL:,15,81503.744381,6.4885730743,6.364774704,1.2379837036
BATT_MODEL:,16,80603.67747,6.5426673889,6.419965744,1.227016449
BATT_MODEL:,17,79603.628555,6.6030216217,6.4810009003,1.2202072144
BATT_MODEL:,18,78703.557078,6.6556930542,6.5343170166,1.213760376
BATT_MODEL:,19,77703.485125,6.7116584778,6.5911216736,1.205368042
BATT_MODEL:,20,76803.449085,6.7596244812,6.6398200989,1.1980438232
BATT_MODEL:,21,75803.417506,6.8102283478,6.691362381,1.188659668
BATT_MODEL:,22,74903.390017,6.8531188965,6.7350559235,1.1806297302
BATT_MODEL:,23,73903.366492,6.8980350494,6.7808704376,1.1716461182
BATT_MODEL:,24,73003.345991,6.9361133575,6.8196620941,1.1645126343
BATT_MODEL:,25,72003.322309,6.9760055542,6.8603553772,1.15650177
BATT_MODEL:,26,71103.296512,7.0101718903,6.895149231,1.150226593
BATT_MODEL:,27,70203.270556,7.0427589417,6.9282188416,1.145401001
BATT_MODEL:,28,69203.2521,7.0772285461,6.9631881714,1.1404037476
BATT_MODEL:,29,68303.23669,7.1068534851,6.9932117462,1.1364173889
BATT_MODEL:,30,67303.211303,7.1383705139,7.0250988007,1.1327171326
BATT_MODEL:,31,66403.196078,7.1655502319,7.0525531769,1.1299705505
BATT_MODEL:,32,65403.163835,7.1947402954,7.0820655823,1.1267471313
BATT_MODEL:,33,64503.13933,7.2201061249,7.1077632904,1.1234283447
BATT_MODEL:,34,63503.103559,7.2474555969,7.1353626251,1.120929718
BATT_MODEL:,35,62603.076657,7.2714443207,7.1595859528,1.1185836792
BATT_MODEL:,36,61603.057397,7.297203064,7.1855201721,1.1168289185
BATT_MODEL:,37,60703.039479,7.3197841644,7.2083110809,1.114730835
BATT_MODEL:,38,59703.006667,7.3442764282,7.2330322266,1.1124420166
BATT_MODEL:,39,58802.98202,7.3658599854,7.254863739,1.1099624634
BATT_MODEL:,40,57802.957266,7.3894557953,7.2787532806,1.1070251465
BATT_MODEL:,41,56902.915856,7.4102954865,7.299861908,1.1043357849
BATT_MODEL:,42,55902.86016,7.4331665039,7.3230934143,1.100730896
BATT_MODEL:,43,55002.804106,7.4535942078,7.3438396454,1.0975456238
BATT_MODEL:,44,54002.743391,7.476026535,7.3666820526,1.0934448242
BATT_MODEL:,45,53102.692711,7.4959659576,7.3870201111,1.0894584656
BATT_MODEL:,46,52102.6267,7.5176353455,7.4091567993,1.0847854614
BATT_MODEL:,47,51202.572208,7.5364303589,7.4283103943,1.081199646
BATT_MODEL:,48,50202.512458,7.5559749603,7.4482307434,1.0774421692
BATT_MODEL:,49,49302.457113,7.5722885132,7.4648666382,1.07421875
BATT_MODEL:,50,48302.392338,7.5900707245,7.483007431,1.0706329346
BATT_MODEL:,51,47402.343739,7.6057281494,7.4989547729,1.0677337646
BATT_MODEL:,52,46502.289999,7.6208000183,7.5143318176,1.0646820068
BATT_MODEL:,53,45502.233872,7.6363525391,7.530216217,1.0613632202
BATT_MODEL:,54,44602.185716,7.6496486664,7.5437583923,1.0589027405
BATT_MODEL:,55,43602.119969,7.6637535095,7.5580940247,1.0565948486
BATT_MODEL:,56,42702.060851,7.6764678955,7.5710372925,1.0543060303
BATT_MODEL:,57,41702.000026,7.6908073425,7.5855388641,1.0526847839
BATT_MODEL:,58,40801.938007,7.7034015656,7.5984916687,1.0490989685
BATT_MODEL:,59,39801.870626,7.7170314789,7.6123924255,1.0463905334
BATT_MODEL:,60,38901.813983,7.7289333344,7.6245155334,1.044178009
BATT_MODEL:,61,37901.751932,7.7411193848,7.6368808746,1.0423851013
BATT_MODEL:,62,37001.692957,7.7520523071,7.6479587555,1.0409355164
BATT_MODEL:,63,36001.633914,7.7661037445,7.662317276,1.0378646851
BATT_MODEL:,64,35101.583129,7.7805233002,7.6771011353,1.0342216492
BATT_MODEL:,65,34101.527431,7.7982826233,7.6953468323,1.0293579102
BATT_MODEL:,66,33201.471222,7.8156013489,7.713300705,1.0230064392
BATT_MODEL:,67,32201.415319,7.8352451324,7.7336883545,1.0155677795
BATT_MODEL:,68,31301.358453,7.8527603149,7.7518978119,1.0086250305
BATT_MODEL:,69,30301.292706,7.8720855713,7.7719802856,1.0010528564
BATT_MODEL:,70,29401.238331,7.8900985718,7.7906665802,0.99431991577
BATT_MODEL:,71,28401.176948,7.9108562469,7.8122425079,0.98613739014
BATT_MODEL:,72,27501.123334,7.9300861359,7.832151413,0.979347229
BATT_MODEL:,73,26501.06066,7.9525432587,7.855424881,0.97118377686
BATT_MODEL:,74,25601.004619,7.9729804993,7.8765068054,0.96473693848
BATT_MODEL:,75,24600.944829,7.9961338043,7.9004077911,0.95726013184
BATT_MODEL:,76,23700.879496,8.0171585083,7.922082901,0.950756073
BATT_MODEL:,77,22800.820787,8.0386772156,7.9441757202,0.94501495361
BATT_MODEL:,78,21800.765374,8.064332962,7.970451355,0.93881607056
BATT_MODEL:,79,20900.732598,8.0888195038,7.9955253601,0.93294143677
BATT_MODEL:,80,19900.688621,8.1176280975,8.0250701904,0.92557907104
BATT_MODEL:,81,19000.654263,8.1444740295,8.0525131226,0.91960906982
BATT_MODEL:,82,18000.619829,8.175907135,8.084526062,0.91381072998
BATT_MODEL:,83,17100.587888,8.20561409,8.1147880554,0.90826034546
BATT_MODEL:,84,16100.545775,8.2397003174,8.149438858,0.90261459351
BATT_MODEL:,85,15200.506082,8.2710857391,8.181219101,0.89866638184
BATT_MODEL:,86,14200.465889,8.3065223694,8.2170639038,0.89458465576
BATT_MODEL:,87,13300.430249,8.3386001587,8.2493782043,0.89221954346
BATT_MODEL:,88,12300.392737,8.3740196228,8.2849216461,0.89097976685
BATT_MODEL:,89,11400.355806,8.4062957764,8.3171443939,0.89151382446
BATT_MODEL:,90,10400.316007,8.4436302185,8.3542709351,0.89359283447
BATT_MODEL:,91,9500.2801449,8.479631424,8.3900966644,0.89534759521
BATT_MODEL:,92,8500.2339196,8.5230388641,8.4332828522,0.89756011963
BATT_MODEL:,93,7600.2045714,8.5663738251,8.4765796661,0.89794158936
BATT_MODEL:,94,6600.1796376,8.6211872101,8.5316066742,0.89580535889
BATT_MODEL:,95,5700.1554822,8.6792392731,8.5904426575,0.88796615601
BATT_MODEL:,96,4700.124405,8.7578392029,8.6703968048,0.87442398071
BATT_MODEL:,97,3800.100944,8.8439979553,8.757850647,0.8614730835
BATT_MODEL:,98,2800.0760834,8.9609222412,8.8753852844,0.85536956787
BATT_MODEL:,99,1900.0513733,9.0963573456,9.0101928711,0.86164474487
BATT_MODEL:,100,900.02643626,9.3045806885,9.2140140533,0.90566635132
BATT_MODEL:,101,0,9.6364574432,9.2508144379,3.8564300537
BATT_MODEL.capacity:,2.6335
