TEST_PARAM.comment:,LP402025

SourceMeter Model:,2400
SourceMeter S/N:,0788255
SourceMeter Firmware:,C32

TEST_PARAM.terminals:,REAR TERMINALS

TEST_PARAM.initial_voc:,4.170511
TEST_PARAM.vcutoff:,3.1

TEST_PARAM.discharge_type:,CONSTANT
TEST_PARAM.discharge_current:,0.002
TEST_PARAM.max_discharge_current:,0.002

TEST_PARAM.measure_interval:,300

TEST_PARAM.discharge_start_time:,11/21/21 19:53:58
TEST_PARAM.discharge_stop_time:,11/25/21 03:03:38

BATT_MODEL_RAW:,Index,Timestamp,Voc,Vload,ESR
BATT_MODEL_RAW:,1,0.0,4.169792,4.168827,0.4824999999999413
BATT_MODEL_RAW:,2,299.988,4.166719,4.165569,0.5749999999999922
BATT_MODEL_RAW:,3,599.96,4.164822,4.163694,0.564000000000231
BATT_MODEL_RAW:,4,899.939,4.163174,4.162029,0.5724999999996427
BATT_MODEL_RAW:,5,1199.914,4.161552,4.160406,0.5730000000001567
BATT_MODEL_RAW:,6,1499.895,4.159977,4.158827,0.5749999999999922
BATT_MODEL_RAW:,7,1799.884,4.158403,4.157259,0.5720000000000169
BATT_MODEL_RAW:,8,2099.857,4.156878,4.155729,0.5744999999999223
BATT_MODEL_RAW:,9,2399.838,4.155378,4.154219,0.579499999999733
BATT_MODEL_RAW:,10,2699.81,4.153898,4.15275,0.5739999999998524
BATT_MODEL_RAW:,11,2999.788,4.152433,4.151283,0.5749999999999922
BATT_MODEL_RAW:,12,3299.765,4.150997,4.149855,0.5710000000003213
BATT_MODEL_RAW:,13,3599.74,4.149584,4.148434,0.5749999999999922
BATT_MODEL_RAW:,14,3899.717,4.148176,4.147018,0.5790000000001072
BATT_MODEL_RAW:,15,4199.693,4.146759,4.145597,0.5809999999999427
BATT_MODEL_RAW:,16,4499.667,4.145361,4.144211,0.5749999999999922
BATT_MODEL_RAW:,17,4799.641,4.143974,4.142815,0.5795000000001771
BATT_MODEL_RAW:,18,5099.617,4.142607,4.141443,0.5820000000000825
BATT_MODEL_RAW:,19,5399.593,4.141241,4.140081,0.5799999999998029
BATT_MODEL_RAW:,20,5699.566,4.139893,4.138731,0.5809999999999427
BATT_MODEL_RAW:,21,5999.545,4.138571,4.137407,0.5820000000000825
BATT_MODEL_RAW:,22,6299.519,4.137243,4.136074,0.5844999999999878
BATT_MODEL_RAW:,23,6599.498,4.135939,4.134777,0.5809999999999427
BATT_MODEL_RAW:,24,6899.473,4.134644,4.133474,0.5850000000000577
BATT_MODEL_RAW:,25,7199.449,4.13335,4.1322,0.5749999999999922
BATT_MODEL_RAW:,26,7499.423,4.132114,4.130936,0.5889999999997286
BATT_MODEL_RAW:,27,7799.397,4.130844,4.129681,0.5815000000000126
BATT_MODEL_RAW:,28,8099.374,4.129648,4.128481,0.5835000000002921
BATT_MODEL_RAW:,29,8399.35,4.12845,4.127277,0.5864999999998233
BATT_MODEL_RAW:,30,8699.329,4.127272,4.12611,0.5809999999999427
BATT_MODEL_RAW:,31,8999.308,4.126129,4.12496,0.5844999999999878
BATT_MODEL_RAW:,32,9299.288,4.125023,4.123861,0.5809999999999427
BATT_MODEL_RAW:,33,9599.277,4.123957,4.122797,0.5799999999998029
BATT_MODEL_RAW:,34,9899.255,4.122906,4.121742,0.5820000000000825
BATT_MODEL_RAW:,35,10199.247,4.121893,4.120724,0.5844999999999878
BATT_MODEL_RAW:,36,10499.23,4.120895,4.119728,0.583499999999848
BATT_MODEL_RAW:,37,10799.218,4.119934,4.118752,0.5910000000000082
BATT_MODEL_RAW:,38,11099.206,4.118959,4.11779,0.5844999999999878
BATT_MODEL_RAW:,39,11399.18,4.11799,4.116821,0.5844999999999878
BATT_MODEL_RAW:,40,11699.155,4.117023,4.115852,0.5854999999996835
BATT_MODEL_RAW:,41,11999.132,4.116028,4.114853,0.587499999999963
BATT_MODEL_RAW:,42,12299.107,4.115021,4.113852,0.5844999999999878
BATT_MODEL_RAW:,43,12599.081,4.114014,4.112843,0.5855000000001276
BATT_MODEL_RAW:,44,12899.061,4.112972,4.111801,0.5855000000001276
BATT_MODEL_RAW:,45,13199.037,4.111916,4.110741,0.587499999999963
BATT_MODEL_RAW:,46,13499.013,4.110828,4.109663,0.5824999999997083
BATT_MODEL_RAW:,47,13798.99,4.109732,4.108559,0.5865000000002674
BATT_MODEL_RAW:,48,14098.971,4.108629,4.107458,0.5854999999996835
BATT_MODEL_RAW:,49,14398.944,4.107515,4.10634,0.587499999999963
BATT_MODEL_RAW:,50,14698.934,4.106409,4.105238,0.5855000000001276
BATT_MODEL_RAW:,51,14998.913,4.105293,4.104118,0.587499999999963
BATT_MODEL_RAW:,52,15298.888,4.104185,4.10302,0.5825000000001523
BATT_MODEL_RAW:,53,15598.863,4.10309,4.101915,0.587499999999963
BATT_MODEL_RAW:,54,15898.839,4.101986,4.100805,0.5904999999999383
BATT_MODEL_RAW:,55,16198.816,4.100903,4.09973,0.5864999999998233
BATT_MODEL_RAW:,56,16498.794,4.099806,4.098637,0.5844999999999878
BATT_MODEL_RAW:,57,16798.77,4.098715,4.097548,0.5835000000002921
BATT_MODEL_RAW:,58,17098.744,4.097672,4.096487,0.5925000000002179
BATT_MODEL_RAW:,59,17398.723,4.096605,4.095432,0.5865000000002674
BATT_MODEL_RAW:,60,17698.699,4.095558,4.094387,0.5854999999996835
BATT_MODEL_RAW:,61,17998.676,4.094526,4.093351,0.587499999999963
BATT_MODEL_RAW:,62,18298.652,4.093502,4.092321,0.5904999999999383
BATT_MODEL_RAW:,63,18598.625,4.092489,4.091318,0.5854999999996835
BATT_MODEL_RAW:,64,18898.603,4.091494,4.090322,0.5860000000001975
BATT_MODEL_RAW:,65,19198.58,4.090498,4.089327,0.5855000000001276
BATT_MODEL_RAW:,66,19498.554,4.089523,4.088352,0.5854999999996835
BATT_MODEL_RAW:,67,19798.532,4.088549,4.087378,0.5855000000001276
BATT_MODEL_RAW:,68,20098.507,4.087601,4.086426,0.587499999999963
BATT_MODEL_RAW:,69,20398.481,4.086653,4.085487,0.5830000000002222
BATT_MODEL_RAW:,70,20698.46,4.085718,4.084551,0.583499999999848
BATT_MODEL_RAW:,71,20998.433,4.084806,4.083632,0.5870000000003373
BATT_MODEL_RAW:,72,21298.409,4.083897,4.082727,0.5850000000000577
BATT_MODEL_RAW:,73,21598.384,4.083004,4.081823,0.5904999999999383
BATT_MODEL_RAW:,74,21898.362,4.082136,4.080969,0.5835000000002921
BATT_MODEL_RAW:,75,22198.337,4.08127,4.080109,0.5804999999998728
BATT_MODEL_RAW:,76,22498.312,4.080442,4.079277,0.5824999999997083
BATT_MODEL_RAW:,77,22798.29,4.079618,4.078447,0.5855000000001276
BATT_MODEL_RAW:,78,23098.264,4.078806,4.077641,0.5825000000001523
BATT_MODEL_RAW:,79,23398.242,4.078037,4.076866,0.5855000000001276
BATT_MODEL_RAW:,80,23698.213,4.077291,4.07612,0.5854999999996835
BATT_MODEL_RAW:,81,23998.191,4.076561,4.07539,0.5855000000001276
BATT_MODEL_RAW:,82,24298.183,4.075861,4.074686,0.587499999999963
BATT_MODEL_RAW:,83,24598.158,4.075186,4.074017,0.5844999999999878
BATT_MODEL_RAW:,84,24898.139,4.074549,4.073381,0.5839999999999179
BATT_MODEL_RAW:,85,25198.118,4.073961,4.07279,0.5854999999996835
BATT_MODEL_RAW:,86,25498.093,4.0734,4.072218,0.5910000000000082
BATT_MODEL_RAW:,87,25798.068,4.072851,4.071682,0.5844999999999878
BATT_MODEL_RAW:,88,26098.044,4.07234,4.071177,0.5815000000000126
BATT_MODEL_RAW:,89,26398.031,4.071875,4.070694,0.5905000000003824
BATT_MODEL_RAW:,90,26698.001,4.071402,4.070238,0.5820000000000825
BATT_MODEL_RAW:,91,26997.983,4.070955,4.06978,0.587499999999963
BATT_MODEL_RAW:,92,27297.955,4.07052,4.06934,0.5899999999998684
BATT_MODEL_RAW:,93,27597.93,4.070086,4.068924,0.5809999999999427
BATT_MODEL_RAW:,94,27897.906,4.069666,4.068491,0.587499999999963
BATT_MODEL_RAW:,95,28197.885,4.069212,4.068043,0.5844999999999878
BATT_MODEL_RAW:,96,28497.859,4.068792,4.067621,0.5855000000001276
BATT_MODEL_RAW:,97,28797.837,4.06834,4.067165,0.587499999999963
BATT_MODEL_RAW:,98,29097.812,4.067867,4.066698,0.5844999999999878
BATT_MODEL_RAW:,99,29397.786,4.067379,4.066216,0.5815000000000126
BATT_MODEL_RAW:,100,29697.757,4.066877,4.065702,0.587499999999963
BATT_MODEL_RAW:,101,29997.736,4.066324,4.065157,0.583499999999848
BATT_MODEL_RAW:,102,30297.707,4.065758,4.064587,0.5854999999996835
BATT_MODEL_RAW:,103,30597.699,4.065136,4.063976,0.5799999999998029
BATT_MODEL_RAW:,104,30897.674,4.064497,4.063334,0.5815000000000126
BATT_MODEL_RAW:,105,31197.653,4.063801,4.062635,0.5829999999997781
BATT_MODEL_RAW:,106,31497.631,4.063059,4.061895,0.5820000000000825
BATT_MODEL_RAW:,107,31797.61,4.062275,4.061108,0.583499999999848
BATT_MODEL_RAW:,108,32097.582,4.061424,4.060268,0.5779999999999674
BATT_MODEL_RAW:,109,32397.562,4.060518,4.059351,0.583499999999848
BATT_MODEL_RAW:,110,32697.537,4.059553,4.058393,0.580000000000247
BATT_MODEL_RAW:,111,32997.512,4.058538,4.057381,0.5785000000000373
BATT_MODEL_RAW:,112,33297.49,4.057447,4.056271,0.5880000000000329
BATT_MODEL_RAW:,113,33597.467,4.056303,4.05514,0.5815000000000126
BATT_MODEL_RAW:,114,33897.452,4.055094,4.053926,0.584000000000362
BATT_MODEL_RAW:,115,34197.419,4.053822,4.052654,0.5839999999999179
BATT_MODEL_RAW:,116,34497.398,4.052502,4.051334,0.5839999999999179
BATT_MODEL_RAW:,117,34797.372,4.051121,4.049957,0.5820000000000825
BATT_MODEL_RAW:,118,35097.348,4.049711,4.048544,0.5835000000002921
BATT_MODEL_RAW:,119,35397.322,4.04825,4.047092,0.5790000000001072
BATT_MODEL_RAW:,120,35697.298,4.046755,4.045589,0.5830000000002222
BATT_MODEL_RAW:,121,35997.271,4.045229,4.044065,0.5820000000000825
BATT_MODEL_RAW:,122,36297.25,4.043678,4.042522,0.5779999999999674
BATT_MODEL_RAW:,123,36597.225,4.042101,4.040943,0.5789999999996631
BATT_MODEL_RAW:,124,36897.199,4.04051,4.039341,0.5844999999999878
BATT_MODEL_RAW:,125,37197.18,4.038897,4.037729,0.584000000000362
BATT_MODEL_RAW:,126,37497.156,4.037277,4.036112,0.5824999999997083
BATT_MODEL_RAW:,127,37797.13,4.035664,4.0345,0.5819999999996384
BATT_MODEL_RAW:,128,38097.106,4.034052,4.032892,0.5799999999998029
BATT_MODEL_RAW:,129,38397.081,4.032465,4.031294,0.5855000000001276
BATT_MODEL_RAW:,130,38697.059,4.030863,4.029705,0.5790000000001072
BATT_MODEL_RAW:,131,38997.034,4.029305,4.028145,0.5799999999998029
BATT_MODEL_RAW:,132,39297.012,4.027758,4.026602,0.5780000000004115
BATT_MODEL_RAW:,133,39596.991,4.026236,4.025074,0.5809999999999427
BATT_MODEL_RAW:,134,39896.969,4.024729,4.023558,0.5854999999996835
BATT_MODEL_RAW:,135,40196.944,4.023254,4.022091,0.5815000000000126
BATT_MODEL_RAW:,136,40496.921,4.021791,4.020636,0.5775000000003416
BATT_MODEL_RAW:,137,40796.899,4.02037,4.019211,0.579499999999733
BATT_MODEL_RAW:,138,41096.876,4.018965,4.017811,0.5769999999998277
BATT_MODEL_RAW:,139,41396.853,4.017599,4.016445,0.5769999999998277
BATT_MODEL_RAW:,140,41696.829,4.01626,4.015091,0.5844999999999878
BATT_MODEL_RAW:,141,41996.802,4.014957,4.0138,0.5785000000000373
BATT_MODEL_RAW:,142,42296.779,4.013664,4.012503,0.5805000000003169
BATT_MODEL_RAW:,143,42596.76,4.012421,4.011265,0.5779999999999674
BATT_MODEL_RAW:,144,42896.731,4.011204,4.010042,0.5809999999999427
BATT_MODEL_RAW:,145,43196.71,4.009975,4.008825,0.5749999999999922
BATT_MODEL_RAW:,146,43496.684,4.008812,4.007648,0.5820000000000825
BATT_MODEL_RAW:,147,43796.661,4.007645,4.006498,0.5735000000002266
BATT_MODEL_RAW:,148,44096.635,4.006521,4.005365,0.5779999999999674
BATT_MODEL_RAW:,149,44396.609,4.005409,4.004246,0.5815000000000126
BATT_MODEL_RAW:,150,44696.591,4.004316,4.003164,0.576000000000132
BATT_MODEL_RAW:,151,44996.561,4.003258,4.002104,0.5769999999998277
BATT_MODEL_RAW:,152,45296.54,4.002197,4.001047,0.5749999999999922
BATT_MODEL_RAW:,153,45596.513,4.001184,4.000032,0.576000000000132
BATT_MODEL_RAW:,154,45896.491,4.000162,3.99901,0.576000000000132
BATT_MODEL_RAW:,155,46196.464,3.999189,3.99802,0.5844999999999878
BATT_MODEL_RAW:,156,46496.44,3.998205,3.997066,0.5695000000001116
BATT_MODEL_RAW:,157,46796.418,3.997257,3.996113,0.5720000000000169
BATT_MODEL_RAW:,158,47096.389,3.996323,3.995173,0.5749999999999922
BATT_MODEL_RAW:,159,47396.385,3.995413,3.994265,0.5740000000000745
BATT_MODEL_RAW:,160,47696.36,3.994501,3.993357,0.5720000000000169
BATT_MODEL_RAW:,161,47996.335,3.993612,3.992462,0.5749999999999922
BATT_MODEL_RAW:,162,48296.315,3.992741,3.991596,0.5725000000000868
BATT_MODEL_RAW:,163,48596.288,3.99188,3.990738,0.5710000000000992
BATT_MODEL_RAW:,164,48896.265,3.991034,3.989891,0.571499999999947
BATT_MODEL_RAW:,165,49196.247,3.99021,3.989067,0.571499999999947
BATT_MODEL_RAW:,166,49496.233,3.98938,3.988237,0.5715000000001691
BATT_MODEL_RAW:,167,49796.212,3.988577,3.987427,0.5749999999999922
BATT_MODEL_RAW:,168,50096.19,3.987774,3.986624,0.5749999999999922
BATT_MODEL_RAW:,169,50396.169,3.986988,3.985838,0.5749999999999922
BATT_MODEL_RAW:,170,50696.142,3.9862,3.985054,0.5730000000001567
BATT_MODEL_RAW:,171,50996.12,3.985439,3.984285,0.5770000000000497
BATT_MODEL_RAW:,172,51296.096,3.984688,3.983538,0.5749999999999922
BATT_MODEL_RAW:,173,51596.073,3.983934,3.982796,0.5690000000000417
BATT_MODEL_RAW:,174,51896.056,3.983206,3.982058,0.5740000000000745
BATT_MODEL_RAW:,175,52196.037,3.982487,3.981346,0.5705000000000293
BATT_MODEL_RAW:,176,52496.015,3.981766,3.980627,0.5694999999998895
BATT_MODEL_RAW:,177,52795.988,3.981056,3.97991,0.5730000000001567
BATT_MODEL_RAW:,178,53095.965,3.980368,3.979221,0.5735000000000046
BATT_MODEL_RAW:,179,53395.943,3.979664,3.978527,0.5684999999999718
BATT_MODEL_RAW:,180,53695.915,3.978985,3.977842,0.5715000000001691
BATT_MODEL_RAW:,181,53995.892,3.978306,3.977161,0.5724999999998648
BATT_MODEL_RAW:,182,54295.863,3.97764,3.976501,0.5695000000001116
BATT_MODEL_RAW:,183,54595.843,3.976984,3.975847,0.5684999999999718
BATT_MODEL_RAW:,184,54895.816,3.976332,3.975189,0.5715000000001691
BATT_MODEL_RAW:,185,55195.793,3.975689,3.974556,0.5664999999999143
BATT_MODEL_RAW:,186,55495.787,3.975063,3.973917,0.5729999999999347
BATT_MODEL_RAW:,187,55795.76,3.974434,3.973293,0.5705000000000293
BATT_MODEL_RAW:,188,56095.739,3.973814,3.972675,0.5694999999998895
BATT_MODEL_RAW:,189,56395.71,3.973202,3.972055,0.5735000000000046
BATT_MODEL_RAW:,190,56695.69,3.972593,3.971451,0.5709999999998772
BATT_MODEL_RAW:,191,56995.662,3.971996,3.970856,0.5699999999999594
BATT_MODEL_RAW:,192,57295.635,3.971411,3.970264,0.5735000000000046
BATT_MODEL_RAW:,193,57595.615,3.970825,3.969681,0.5720000000000169
BATT_MODEL_RAW:,194,57895.592,3.97024,3.969109,0.5654999999999966
BATT_MODEL_RAW:,195,58195.57,3.969662,3.968527,0.5675000000000541
BATT_MODEL_RAW:,196,58495.55,3.969097,3.967953,0.5720000000000169
BATT_MODEL_RAW:,197,58795.526,3.968521,3.967386,0.5675000000000541
BATT_MODEL_RAW:,198,59095.503,3.967972,3.966837,0.5675000000000541
BATT_MODEL_RAW:,199,59395.478,3.967411,3.966276,0.567499999999832
BATT_MODEL_RAW:,200,59695.455,3.966864,3.965725,0.5695000000001116
BATT_MODEL_RAW:,201,59995.432,3.966318,3.965174,0.5719999999997949
BATT_MODEL_RAW:,202,60295.407,3.965767,3.964619,0.5740000000000745
BATT_MODEL_RAW:,203,60595.39,3.965231,3.964094,0.5685000000001939
BATT_MODEL_RAW:,204,60895.361,3.964706,3.963564,0.5710000000000992
BATT_MODEL_RAW:,205,61195.34,3.964195,3.963037,0.5790000000001072
BATT_MODEL_RAW:,206,61495.318,3.96368,3.962532,0.5740000000000745
BATT_MODEL_RAW:,207,61795.293,3.963165,3.962027,0.5690000000000417
BATT_MODEL_RAW:,208,62095.269,3.962673,3.961533,0.5699999999999594
BATT_MODEL_RAW:,209,62395.246,3.962183,3.961039,0.5720000000000169
BATT_MODEL_RAW:,210,62695.227,3.961699,3.960554,0.5724999999998648
BATT_MODEL_RAW:,211,62995.196,3.961243,3.96011,0.5665000000001363
BATT_MODEL_RAW:,212,63295.167,3.960796,3.959652,0.5720000000000169
BATT_MODEL_RAW:,213,63595.146,3.960356,3.959217,0.5694999999998895
BATT_MODEL_RAW:,214,63895.12,3.959929,3.958786,0.571499999999947
BATT_MODEL_RAW:,215,64195.096,3.959513,3.95837,0.571499999999947
BATT_MODEL_RAW:,216,64495.072,3.959118,3.95797,0.5740000000000745
BATT_MODEL_RAW:,217,64795.047,3.958729,3.957582,0.5735000000000046
BATT_MODEL_RAW:,218,65095.028,3.958347,3.957201,0.5729999999999347
BATT_MODEL_RAW:,219,65395.004,3.958006,3.956863,0.5715000000001691
BATT_MODEL_RAW:,220,65694.978,3.95768,3.956532,0.5739999999998524
BATT_MODEL_RAW:,221,65994.956,3.957348,3.956205,0.571499999999947
BATT_MODEL_RAW:,222,66294.95,3.957014,3.955875,0.5695000000001116
BATT_MODEL_RAW:,223,66594.923,3.956717,3.955568,0.5744999999999223
BATT_MODEL_RAW:,224,66894.9,3.956413,3.955275,0.5690000000000417
BATT_MODEL_RAW:,225,67194.877,3.95612,3.954971,0.5744999999999223
BATT_MODEL_RAW:,226,67494.852,3.955812,3.954668,0.5720000000000169
BATT_MODEL_RAW:,227,67794.83,3.955505,3.95437,0.5675000000000541
BATT_MODEL_RAW:,228,68094.802,3.955196,3.954056,0.5699999999999594
BATT_MODEL_RAW:,229,68394.783,3.954878,3.953739,0.5694999999998895
BATT_MODEL_RAW:,230,68694.758,3.954571,3.953424,0.5735000000000046
BATT_MODEL_RAW:,231,68994.731,3.954222,3.953083,0.5695000000001116
BATT_MODEL_RAW:,232,69294.71,3.953873,3.952734,0.5695000000001116
BATT_MODEL_RAW:,233,69594.682,3.95348,3.952341,0.5694999999998895
BATT_MODEL_RAW:,234,69894.664,3.953102,3.951954,0.5739999999998524
BATT_MODEL_RAW:,235,70194.636,3.952682,3.951548,0.5669999999999842
BATT_MODEL_RAW:,236,70494.611,3.952232,3.951086,0.5729999999999347
BATT_MODEL_RAW:,237,70794.59,3.951761,3.950619,0.5709999999998772
BATT_MODEL_RAW:,238,71094.564,3.951229,3.95009,0.5695000000001116
BATT_MODEL_RAW:,239,71394.555,3.950647,3.949509,0.5690000000000417
BATT_MODEL_RAW:,240,71694.535,3.950047,3.948915,0.5660000000000664
BATT_MODEL_RAW:,241,71994.511,3.949408,3.948269,0.5695000000001116
BATT_MODEL_RAW:,242,72294.488,3.948725,3.94758,0.5725000000000868
BATT_MODEL_RAW:,243,72594.464,3.947979,3.946844,0.5675000000000541
BATT_MODEL_RAW:,244,72894.437,3.947231,3.946095,0.5679999999999019
BATT_MODEL_RAW:,245,73194.431,3.946438,3.945292,0.5730000000001567
BATT_MODEL_RAW:,246,73494.407,3.945627,3.944477,0.5749999999999922
BATT_MODEL_RAW:,247,73794.38,3.94478,3.943645,0.5675000000000541
BATT_MODEL_RAW:,248,74094.358,3.943916,3.942774,0.5710000000000992
BATT_MODEL_RAW:,249,74394.347,3.943035,3.941891,0.5720000000000169
BATT_MODEL_RAW:,250,74694.328,3.942127,3.940973,0.5770000000000497
BATT_MODEL_RAW:,251,74994.3,3.94121,3.940071,0.5694999999998895
BATT_MODEL_RAW:,252,75294.277,3.940271,3.939125,0.5729999999999347
BATT_MODEL_RAW:,253,75594.256,3.93935,3.9382,0.5749999999999922
BATT_MODEL_RAW:,254,75894.23,3.938391,3.937244,0.5735000000000046
BATT_MODEL_RAW:,255,76194.206,3.937414,3.936281,0.5664999999999143
BATT_MODEL_RAW:,256,76494.181,3.936462,3.935308,0.5770000000000497
BATT_MODEL_RAW:,257,76794.156,3.935472,3.934338,0.5669999999999842
BATT_MODEL_RAW:,258,77094.137,3.934483,3.93334,0.5715000000001691
BATT_MODEL_RAW:,259,77394.113,3.933479,3.932333,0.5730000000001567
BATT_MODEL_RAW:,260,77694.089,3.932468,3.931328,0.5699999999999594
BATT_MODEL_RAW:,261,77994.066,3.931442,3.930304,0.5690000000000417
BATT_MODEL_RAW:,262,78294.043,3.930414,3.929266,0.5739999999998524
BATT_MODEL_RAW:,263,78594.025,3.929365,3.928221,0.5720000000000169
BATT_MODEL_RAW:,264,78893.998,3.92831,3.927164,0.5730000000001567
BATT_MODEL_RAW:,265,79193.972,3.927248,3.926102,0.5729999999999347
BATT_MODEL_RAW:,266,79493.946,3.926189,3.925032,0.5785000000000373
BATT_MODEL_RAW:,267,79793.921,3.925114,3.923958,0.5780000000001895
BATT_MODEL_RAW:,268,80093.898,3.924032,3.922876,0.5779999999999674
BATT_MODEL_RAW:,269,80393.874,3.922928,3.921776,0.576000000000132
BATT_MODEL_RAW:,270,80693.846,3.921824,3.920668,0.5779999999999674
BATT_MODEL_RAW:,271,80993.827,3.920717,3.919569,0.5739999999998524
BATT_MODEL_RAW:,272,81293.801,3.919615,3.918455,0.5800000000000249
BATT_MODEL_RAW:,273,81593.777,3.918495,3.917341,0.5770000000000497
BATT_MODEL_RAW:,274,81893.769,3.917385,3.916227,0.5789999999998852
BATT_MODEL_RAW:,275,82193.743,3.916271,3.915125,0.5729999999999347
BATT_MODEL_RAW:,276,82493.737,3.915154,3.913994,0.5799999999998029
BATT_MODEL_RAW:,277,82793.714,3.91403,3.912874,0.5779999999999674
BATT_MODEL_RAW:,278,83093.687,3.912939,3.911785,0.5770000000000497
BATT_MODEL_RAW:,279,83393.668,3.911823,3.910677,0.5729999999999347
BATT_MODEL_RAW:,280,83693.645,3.910734,3.909582,0.576000000000132
BATT_MODEL_RAW:,281,83993.62,3.909655,3.908501,0.5770000000000497
BATT_MODEL_RAW:,282,84293.596,3.908569,3.907421,0.5740000000000745
BATT_MODEL_RAW:,283,84593.577,3.907513,3.906355,0.5789999999998852
BATT_MODEL_RAW:,284,84893.551,3.906458,3.905298,0.5800000000000249
BATT_MODEL_RAW:,285,85193.528,3.905403,3.904243,0.5800000000000249
BATT_MODEL_RAW:,286,85493.504,3.904377,3.903221,0.5780000000001895
BATT_MODEL_RAW:,287,85793.479,3.903357,3.902201,0.5780000000001895
BATT_MODEL_RAW:,288,86093.457,3.902355,3.901207,0.5740000000000745
BATT_MODEL_RAW:,289,86393.432,3.901371,3.900213,0.5790000000001072
BATT_MODEL_RAW:,290,86693.407,3.900406,3.899252,0.5769999999998277
BATT_MODEL_RAW:,291,86993.386,3.899462,3.898308,0.5770000000000497
BATT_MODEL_RAW:,292,87293.359,3.898516,3.897364,0.5759999999999099
BATT_MODEL_RAW:,293,87593.334,3.897596,3.89645,0.5729999999999347
BATT_MODEL_RAW:,294,87893.309,3.896698,3.895542,0.5780000000001895
BATT_MODEL_RAW:,295,88193.285,3.8958,3.894636,0.5819999999998604
BATT_MODEL_RAW:,296,88493.259,3.894915,3.893751,0.5820000000000825
BATT_MODEL_RAW:,297,88793.236,3.894089,3.892933,0.5779999999999674
BATT_MODEL_RAW:,298,89093.213,3.893251,3.892092,0.579499999999955
BATT_MODEL_RAW:,299,89393.204,3.892439,3.891289,0.5749999999999922
BATT_MODEL_RAW:,300,89693.182,3.891647,3.890501,0.5729999999999347
BATT_MODEL_RAW:,301,89993.162,3.890871,3.889725,0.5730000000001567
BATT_MODEL_RAW:,302,90293.142,3.890081,3.888935,0.5729999999999347
BATT_MODEL_RAW:,303,90593.117,3.889328,3.888174,0.5770000000000497
BATT_MODEL_RAW:,304,90893.093,3.888578,3.887436,0.5709999999998772
BATT_MODEL_RAW:,305,91193.072,3.887844,3.886709,0.567499999999832
BATT_MODEL_RAW:,306,91493.049,3.887125,3.885996,0.5645000000000788
BATT_MODEL_RAW:,307,91793.024,3.886415,3.885277,0.5690000000000417
BATT_MODEL_RAW:,308,92093.012,3.885727,3.884583,0.5720000000000169
BATT_MODEL_RAW:,309,92392.99,3.885006,3.883867,0.5695000000001116
BATT_MODEL_RAW:,310,92692.963,3.884291,3.88315,0.5705000000000293
BATT_MODEL_RAW:,311,92992.942,3.883575,3.882435,0.5699999999999594
BATT_MODEL_RAW:,312,93292.919,3.882875,3.881737,0.5689999999998197
BATT_MODEL_RAW:,313,93592.911,3.882189,3.881046,0.571499999999947
BATT_MODEL_RAW:,314,93892.901,3.88151,3.880369,0.5705000000000293
BATT_MODEL_RAW:,315,94192.872,3.880817,3.879671,0.5729999999999347
BATT_MODEL_RAW:,316,94492.846,3.880146,3.878998,0.5739999999998524
BATT_MODEL_RAW:,317,94792.823,3.879482,3.87834,0.5709999999998772
BATT_MODEL_RAW:,318,95092.8,3.878822,3.87767,0.5759999999999099
BATT_MODEL_RAW:,319,95392.775,3.878155,3.877008,0.5735000000000046
BATT_MODEL_RAW:,320,95692.751,3.87751,3.876362,0.5740000000000745
BATT_MODEL_RAW:,321,95992.744,3.87686,3.875704,0.5780000000001895
BATT_MODEL_RAW:,322,96292.719,3.876226,3.87508,0.5729999999999347
BATT_MODEL_RAW:,323,96592.697,3.875591,3.874437,0.5770000000000497
BATT_MODEL_RAW:,324,96892.673,3.874966,3.873816,0.5749999999999922
BATT_MODEL_RAW:,325,97192.648,3.874338,3.873188,0.5749999999999922
BATT_MODEL_RAW:,326,97492.625,3.873718,3.872555,0.5815000000000126
BATT_MODEL_RAW:,327,97792.603,3.873098,3.871954,0.5720000000000169
BATT_MODEL_RAW:,328,98092.578,3.872477,3.871332,0.5724999999998648
BATT_MODEL_RAW:,329,98392.555,3.871866,3.870714,0.5759999999999099
BATT_MODEL_RAW:,330,98692.544,3.87126,3.870108,0.5759999999999099
BATT_MODEL_RAW:,331,98992.528,3.870665,3.869513,0.5759999999999099
BATT_MODEL_RAW:,332,99292.506,3.870079,3.868917,0.5809999999999427
BATT_MODEL_RAW:,333,99592.485,3.869478,3.86833,0.5740000000000745
BATT_MODEL_RAW:,334,99892.473,3.868895,3.867737,0.5790000000001072
BATT_MODEL_RAW:,335,100192.449,3.868298,3.867144,0.5769999999998277
BATT_MODEL_RAW:,336,100492.43,3.867714,3.866568,0.5729999999999347
BATT_MODEL_RAW:,337,100792.426,3.867132,3.865986,0.5729999999999347
BATT_MODEL_RAW:,338,101092.415,3.866562,3.86541,0.576000000000132
BATT_MODEL_RAW:,339,101392.407,3.865978,3.86482,0.5790000000001072
BATT_MODEL_RAW:,340,101692.391,3.865406,3.86425,0.5779999999999674
BATT_MODEL_RAW:,341,101992.369,3.86483,3.86368,0.5749999999999922
BATT_MODEL_RAW:,342,102292.353,3.864285,3.863138,0.5735000000000046
BATT_MODEL_RAW:,343,102592.34,3.863726,3.862562,0.5820000000000825
BATT_MODEL_RAW:,344,102892.316,3.863157,3.862001,0.5780000000001895
BATT_MODEL_RAW:,345,103192.293,3.8626,3.861444,0.5779999999999674
BATT_MODEL_RAW:,346,103492.272,3.862041,3.860888,0.5764999999999798
BATT_MODEL_RAW:,347,103792.261,3.861506,3.860357,0.5744999999999223
BATT_MODEL_RAW:,348,104092.237,3.86095,3.859795,0.5774999999998975
BATT_MODEL_RAW:,349,104392.214,3.860413,3.859259,0.5769999999998277
BATT_MODEL_RAW:,350,104692.202,3.859871,3.858715,0.5779999999999674
BATT_MODEL_RAW:,351,104992.181,3.859335,3.858179,0.5780000000001895
BATT_MODEL_RAW:,352,105292.156,3.858799,3.857641,0.5789999999998852
BATT_MODEL_RAW:,353,105592.129,3.858265,3.8571,0.5824999999999303
BATT_MODEL_RAW:,354,105892.122,3.857742,3.856562,0.5900000000000905
BATT_MODEL_RAW:,355,106192.1,3.857204,3.856037,0.583499999999848
BATT_MODEL_RAW:,356,106492.078,3.856674,3.855516,0.5789999999998852
BATT_MODEL_RAW:,357,106792.055,3.856148,3.854994,0.5770000000000497
BATT_MODEL_RAW:,358,107092.029,3.855631,3.854462,0.5844999999999878
BATT_MODEL_RAW:,359,107392.007,3.85511,3.853952,0.5789999999998852
BATT_MODEL_RAW:,360,107691.985,3.854595,3.853428,0.5835000000000701
BATT_MODEL_RAW:,361,107991.962,3.854092,3.852924,0.58400000000014
BATT_MODEL_RAW:,362,108291.952,3.853569,3.852413,0.5779999999999674
BATT_MODEL_RAW:,363,108591.941,3.853062,3.851912,0.5749999999999922
BATT_MODEL_RAW:,364,108891.927,3.852556,3.851393,0.5815000000000126
BATT_MODEL_RAW:,365,109191.908,3.852043,3.850885,0.5790000000001072
BATT_MODEL_RAW:,366,109491.884,3.851538,3.85038,0.5790000000001072
BATT_MODEL_RAW:,367,109791.863,3.851065,3.849894,0.5855000000001276
BATT_MODEL_RAW:,368,110091.834,3.850544,3.849384,0.5800000000000249
BATT_MODEL_RAW:,369,110391.814,3.850058,3.848894,0.5820000000000825
BATT_MODEL_RAW:,370,110691.792,3.849569,3.848402,0.583499999999848
BATT_MODEL_RAW:,371,110991.78,3.849066,3.84791,0.5779999999999674
BATT_MODEL_RAW:,372,111291.758,3.848574,3.847406,0.58400000000014
BATT_MODEL_RAW:,373,111591.732,3.848082,3.84692,0.5809999999999427
BATT_MODEL_RAW:,374,111891.724,3.847601,3.84643,0.5855000000001276
BATT_MODEL_RAW:,375,112191.708,3.84713,3.845968,0.5809999999999427
BATT_MODEL_RAW:,376,112491.68,3.846632,3.845472,0.5800000000000249
BATT_MODEL_RAW:,377,112791.659,3.846153,3.844986,0.5835000000000701
BATT_MODEL_RAW:,378,113091.628,3.845675,3.844507,0.5839999999999179
BATT_MODEL_RAW:,379,113391.621,3.845205,3.844038,0.5835000000000701
BATT_MODEL_RAW:,380,113691.6,3.844732,3.843569,0.5815000000000126
BATT_MODEL_RAW:,381,113991.594,3.844267,3.843092,0.587499999999963
BATT_MODEL_RAW:,382,114291.564,3.843782,3.842617,0.5824999999999303
BATT_MODEL_RAW:,383,114591.543,3.843332,3.842157,0.5875000000001851
BATT_MODEL_RAW:,384,114891.517,3.842852,3.841681,0.5855000000001276
BATT_MODEL_RAW:,385,115191.491,3.842386,3.841221,0.5824999999999303
BATT_MODEL_RAW:,386,115491.468,3.841938,3.840767,0.5854999999999055
BATT_MODEL_RAW:,387,115791.446,3.841463,3.840303,0.5800000000000249
BATT_MODEL_RAW:,388,116091.426,3.841002,3.83983,0.5859999999999754
BATT_MODEL_RAW:,389,116391.4,3.840565,3.839388,0.5884999999998808
BATT_MODEL_RAW:,390,116691.375,3.840099,3.838932,0.5835000000000701
BATT_MODEL_RAW:,391,116991.35,3.83964,3.838465,0.5875000000001851
BATT_MODEL_RAW:,392,117291.324,3.839193,3.838018,0.587499999999963
BATT_MODEL_RAW:,393,117591.304,3.83873,3.837559,0.5854999999999055
BATT_MODEL_RAW:,394,117891.277,3.838287,3.837118,0.5844999999999878
BATT_MODEL_RAW:,395,118191.255,3.837843,3.836672,0.5854999999999055
BATT_MODEL_RAW:,396,118491.231,3.837397,3.836227,0.5850000000000577
BATT_MODEL_RAW:,397,118791.206,3.83696,3.835787,0.5865000000000453
BATT_MODEL_RAW:,398,119091.185,3.836512,3.835337,0.587499999999963
BATT_MODEL_RAW:,399,119391.158,3.836075,3.834902,0.5865000000000453
BATT_MODEL_RAW:,400,119691.135,3.835634,3.834457,0.5885000000001028
BATT_MODEL_RAW:,401,119991.113,3.835197,3.834023,0.5869999999998932
BATT_MODEL_RAW:,402,120291.095,3.834753,3.833597,0.5779999999999674
BATT_MODEL_RAW:,403,120591.081,3.834333,3.833166,0.5835000000000701
BATT_MODEL_RAW:,404,120891.056,3.833897,3.832727,0.5849999999998357
BATT_MODEL_RAW:,405,121191.031,3.833471,3.8323,0.5854999999999055
BATT_MODEL_RAW:,406,121491.009,3.833033,3.831863,0.5850000000000577
BATT_MODEL_RAW:,407,121790.985,3.832598,3.831438,0.5800000000000249
BATT_MODEL_RAW:,408,122090.961,3.832182,3.831007,0.587499999999963
BATT_MODEL_RAW:,409,122390.937,3.831758,3.830585,0.5865000000000453
BATT_MODEL_RAW:,410,122690.92,3.831339,3.830172,0.583499999999848
BATT_MODEL_RAW:,411,122990.907,3.830915,3.829739,0.5880000000000329
BATT_MODEL_RAW:,412,123290.885,3.830503,3.829332,0.5855000000001276
BATT_MODEL_RAW:,413,123590.862,3.83008,3.828909,0.5855000000001276
BATT_MODEL_RAW:,414,123890.839,3.829666,3.828495,0.5854999999999055
BATT_MODEL_RAW:,415,124190.828,3.829262,3.828081,0.5904999999999383
BATT_MODEL_RAW:,416,124490.802,3.828838,3.827662,0.5880000000000329
BATT_MODEL_RAW:,417,124790.779,3.828419,3.827246,0.5864999999998233
BATT_MODEL_RAW:,418,125090.753,3.828007,3.826847,0.5800000000000249
BATT_MODEL_RAW:,419,125390.734,3.827608,3.826439,0.5844999999999878
BATT_MODEL_RAW:,420,125690.71,3.827198,3.826027,0.5855000000001276
BATT_MODEL_RAW:,421,125990.685,3.826796,3.825615,0.5904999999999383
BATT_MODEL_RAW:,422,126290.667,3.826406,3.825216,0.5949999999999012
BATT_MODEL_RAW:,423,126590.651,3.825993,3.824816,0.5884999999998808
BATT_MODEL_RAW:,424,126890.629,3.82559,3.824411,0.5895000000000206
BATT_MODEL_RAW:,425,127190.616,3.825178,3.824007,0.5855000000001276
BATT_MODEL_RAW:,426,127490.597,3.824797,3.82362,0.5884999999998808
BATT_MODEL_RAW:,427,127790.589,3.824381,3.823206,0.587499999999963
BATT_MODEL_RAW:,428,128090.561,3.82399,3.822826,0.5819999999998604
BATT_MODEL_RAW:,429,128390.538,3.823593,3.822418,0.587499999999963
BATT_MODEL_RAW:,430,128690.518,3.823225,3.822048,0.5884999999998808
BATT_MODEL_RAW:,431,128990.508,3.82283,3.821667,0.5815000000000126
BATT_MODEL_RAW:,432,129290.489,3.822437,3.82127,0.583499999999848
BATT_MODEL_RAW:,433,129590.474,3.822052,3.820875,0.5884999999998808
BATT_MODEL_RAW:,434,129890.458,3.821671,3.820499,0.5859999999999754
BATT_MODEL_RAW:,435,130190.448,3.821299,3.820127,0.5859999999999754
BATT_MODEL_RAW:,436,130490.418,3.820906,3.819736,0.5850000000000577
BATT_MODEL_RAW:,437,130790.399,3.820539,3.819359,0.5900000000000905
BATT_MODEL_RAW:,438,131090.367,3.820158,3.818993,0.5825000000001523
BATT_MODEL_RAW:,439,131390.347,3.81979,3.818621,0.5844999999999878
BATT_MODEL_RAW:,440,131690.322,3.819395,3.818232,0.5815000000000126
BATT_MODEL_RAW:,441,131990.306,3.819025,3.81786,0.5824999999999303
BATT_MODEL_RAW:,442,132290.282,3.818657,3.817482,0.587499999999963
BATT_MODEL_RAW:,443,132590.267,3.818279,3.817108,0.5854999999999055
BATT_MODEL_RAW:,444,132890.252,3.817924,3.816753,0.5855000000001276
BATT_MODEL_RAW:,445,133190.225,3.817554,3.816381,0.5865000000000453
BATT_MODEL_RAW:,446,133490.201,3.817192,3.816025,0.5835000000000701
BATT_MODEL_RAW:,447,133790.179,3.816822,3.815659,0.5815000000000126
BATT_MODEL_RAW:,448,134090.153,3.816477,3.81531,0.583499999999848
BATT_MODEL_RAW:,449,134390.132,3.816109,3.814941,0.5839999999999179
BATT_MODEL_RAW:,450,134690.104,3.815762,3.814592,0.5849999999998357
BATT_MODEL_RAW:,451,134990.084,3.815401,3.81424,0.5805000000000948
BATT_MODEL_RAW:,452,135290.062,3.815046,3.813881,0.5825000000001523
BATT_MODEL_RAW:,453,135590.057,3.814703,3.813538,0.5825000000001523
BATT_MODEL_RAW:,454,135890.042,3.814348,3.813196,0.5759999999999099
BATT_MODEL_RAW:,455,136190.016,3.814009,3.812849,0.5800000000000249
BATT_MODEL_RAW:,456,136489.992,3.813677,3.812519,0.5790000000001072
BATT_MODEL_RAW:,457,136789.985,3.813339,3.812187,0.5759999999999099
BATT_MODEL_RAW:,458,137089.97,3.813007,3.811855,0.5759999999999099
BATT_MODEL_RAW:,459,137389.955,3.81267,3.811525,0.5724999999998648
BATT_MODEL_RAW:,460,137689.941,3.812325,3.811176,0.5744999999999223
BATT_MODEL_RAW:,461,137989.912,3.812,3.810839,0.5804999999998728
BATT_MODEL_RAW:,462,138289.892,3.811668,3.81053,0.5690000000000417
BATT_MODEL_RAW:,463,138589.869,3.811348,3.810202,0.5730000000001567
BATT_MODEL_RAW:,464,138889.842,3.811024,3.80987,0.5770000000000497
BATT_MODEL_RAW:,465,139189.824,3.810705,3.809561,0.5720000000000169
BATT_MODEL_RAW:,466,139489.798,3.810369,3.809237,0.5660000000000664
BATT_MODEL_RAW:,467,139789.781,3.81002,3.808891,0.5645000000000788
BATT_MODEL_RAW:,468,140089.751,3.809721,3.808578,0.5715000000001691
BATT_MODEL_RAW:,469,140389.724,3.809399,3.808258,0.5705000000000293
BATT_MODEL_RAW:,470,140689.706,3.80909,3.807951,0.5694999999998895
BATT_MODEL_RAW:,471,140989.681,3.808777,3.807636,0.5705000000000293
BATT_MODEL_RAW:,472,141289.676,3.808453,3.80732,0.5665000000001363
BATT_MODEL_RAW:,473,141589.654,3.808126,3.806992,0.5669999999999842
BATT_MODEL_RAW:,474,141889.64,3.807823,3.806684,0.5694999999998895
BATT_MODEL_RAW:,475,142189.624,3.80752,3.806377,0.571499999999947
BATT_MODEL_RAW:,476,142489.616,3.807198,3.806061,0.5684999999999718
BATT_MODEL_RAW:,477,142789.59,3.806889,3.805758,0.5654999999999966
BATT_MODEL_RAW:,478,143089.575,3.806583,3.805454,0.5644999999998568
BATT_MODEL_RAW:,479,143389.551,3.806273,3.805149,0.5619999999999514
BATT_MODEL_RAW:,480,143689.525,3.805967,3.804838,0.5644999999998568
BATT_MODEL_RAW:,481,143989.503,3.805662,3.804533,0.5644999999998568
BATT_MODEL_RAW:,482,144289.477,3.805351,3.804226,0.5625000000000213
BATT_MODEL_RAW:,483,144589.452,3.805037,3.803913,0.5619999999999514
BATT_MODEL_RAW:,484,144889.442,3.804752,3.803617,0.5675000000000541
BATT_MODEL_RAW:,485,145189.423,3.804453,3.803322,0.5654999999999966
BATT_MODEL_RAW:,486,145489.4,3.804131,3.803005,0.5629999999998692
BATT_MODEL_RAW:,487,145789.376,3.803848,3.802725,0.5614999999998815
BATT_MODEL_RAW:,488,146089.352,3.80353,3.80241,0.5599999999998939
BATT_MODEL_RAW:,489,146389.327,3.803255,3.802128,0.563499999999939
BATT_MODEL_RAW:,490,146689.307,3.802952,3.801834,0.5589999999999762
BATT_MODEL_RAW:,491,146989.282,3.802658,3.801531,0.563499999999939
BATT_MODEL_RAW:,492,147289.258,3.802357,3.801229,0.5640000000000089
BATT_MODEL_RAW:,493,147589.232,3.802057,3.800938,0.5595000000000461
BATT_MODEL_RAW:,494,147889.206,3.801777,3.80064,0.5684999999999718
BATT_MODEL_RAW:,495,148189.185,3.801476,3.80035,0.5630000000000912
BATT_MODEL_RAW:,496,148489.159,3.80118,3.800066,0.5569999999999187
BATT_MODEL_RAW:,497,148789.135,3.800898,3.799772,0.5630000000000912
BATT_MODEL_RAW:,498,149089.118,3.800602,3.799471,0.5654999999999966
BATT_MODEL_RAW:,499,149389.091,3.800316,3.799185,0.5654999999999966
BATT_MODEL_RAW:,500,149689.065,3.800028,3.798901,0.5635000000001611
BATT_MODEL_RAW:,501,149989.044,3.799738,3.798607,0.5654999999999966
BATT_MODEL_RAW:,502,150289.022,3.799458,3.79833,0.5640000000000089
BATT_MODEL_RAW:,503,150588.995,3.799177,3.79805,0.563499999999939
BATT_MODEL_RAW:,504,150888.973,3.798885,3.797758,0.563499999999939
BATT_MODEL_RAW:,505,151188.948,3.79862,3.797493,0.5635000000001611
BATT_MODEL_RAW:,506,151488.924,3.798323,3.797194,0.5644999999998568
BATT_MODEL_RAW:,507,151788.9,3.798042,3.796917,0.5625000000000213
BATT_MODEL_RAW:,508,152088.874,3.797756,3.796635,0.5604999999999638
BATT_MODEL_RAW:,509,152388.859,3.797493,3.796383,0.5549999999998612
BATT_MODEL_RAW:,510,152688.834,3.797209,3.796091,0.5589999999999762
BATT_MODEL_RAW:,511,152988.812,3.796944,3.795824,0.5599999999998939
BATT_MODEL_RAW:,512,153288.804,3.796669,3.795546,0.5615000000001036
BATT_MODEL_RAW:,513,153588.789,3.796387,3.795271,0.5580000000000584
BATT_MODEL_RAW:,514,153888.757,3.796129,3.79501,0.5595000000000461
BATT_MODEL_RAW:,515,154188.724,3.795849,3.794743,0.5530000000000257
BATT_MODEL_RAW:,516,154488.702,3.795576,3.794468,0.5539999999999434
BATT_MODEL_RAW:,517,154788.674,3.7953,3.794182,0.5589999999999762
BATT_MODEL_RAW:,518,155088.661,3.795044,3.793926,0.5589999999999762
BATT_MODEL_RAW:,519,155388.646,3.794777,3.793659,0.5589999999999762
BATT_MODEL_RAW:,520,155688.621,3.794493,3.793386,0.5535000000000956
BATT_MODEL_RAW:,521,155988.599,3.794247,3.793135,0.5560000000000009
BATT_MODEL_RAW:,522,156288.577,3.793976,3.792871,0.5524999999999558
BATT_MODEL_RAW:,523,156588.553,3.793715,3.792612,0.5515000000000381
BATT_MODEL_RAW:,524,156888.529,3.793461,3.792355,0.5530000000000257
BATT_MODEL_RAW:,525,157188.497,3.793184,3.792078,0.5530000000000257
BATT_MODEL_RAW:,526,157488.486,3.792946,3.791836,0.5550000000000832
BATT_MODEL_RAW:,527,157788.46,3.792683,3.791571,0.5560000000000009
BATT_MODEL_RAW:,528,158088.434,3.79241,3.791306,0.5519999999998859
BATT_MODEL_RAW:,529,158388.415,3.792139,3.791035,0.552000000000108
BATT_MODEL_RAW:,530,158688.381,3.791891,3.790785,0.5530000000000257
BATT_MODEL_RAW:,531,158988.364,3.791613,3.790503,0.5549999999998612
BATT_MODEL_RAW:,532,159288.341,3.791353,3.790253,0.5500000000000504
BATT_MODEL_RAW:,533,159588.316,3.791098,3.789988,0.5549999999998612
BATT_MODEL_RAW:,534,159888.294,3.790833,3.789738,0.5475000000001451
BATT_MODEL_RAW:,535,160188.267,3.790569,3.789473,0.5479999999999929
BATT_MODEL_RAW:,536,160488.249,3.790327,3.789228,0.5494999999999806
BATT_MODEL_RAW:,537,160788.24,3.790066,3.788969,0.5485000000000628
BATT_MODEL_RAW:,538,161088.213,3.789824,3.788721,0.5515000000000381
BATT_MODEL_RAW:,539,161388.192,3.78956,3.788471,0.5444999999999478
BATT_MODEL_RAW:,540,161688.163,3.789314,3.788221,0.5465000000000053
BATT_MODEL_RAW:,541,161988.144,3.789074,3.787983,0.5454999999998655
BATT_MODEL_RAW:,542,162288.133,3.788822,3.787735,0.5435000000000301
BATT_MODEL_RAW:,543,162588.11,3.788593,3.787489,0.552000000000108
BATT_MODEL_RAW:,544,162888.085,3.788338,3.787243,0.547499999999923
BATT_MODEL_RAW:,545,163188.059,3.788086,3.786997,0.5444999999999478
BATT_MODEL_RAW:,546,163488.039,3.787855,3.786766,0.5444999999999478
BATT_MODEL_RAW:,547,163788.029,3.787594,3.786505,0.5444999999999478
BATT_MODEL_RAW:,548,164088.005,3.787359,3.786259,0.5500000000000504
BATT_MODEL_RAW:,549,164387.983,3.787109,3.786024,0.5425000000001123
BATT_MODEL_RAW:,550,164687.967,3.786861,3.785765,0.5479999999999929
BATT_MODEL_RAW:,551,164987.95,3.786612,3.785519,0.5465000000000053
BATT_MODEL_RAW:,552,165287.933,3.786371,3.78529,0.5405000000000548
BATT_MODEL_RAW:,553,165587.918,3.786139,3.785051,0.5439999999998779
BATT_MODEL_RAW:,554,165887.899,3.785891,3.784807,0.5420000000000424
BATT_MODEL_RAW:,555,166187.887,3.785658,3.784561,0.5485000000000628
BATT_MODEL_RAW:,556,166487.876,3.785414,3.784321,0.5465000000000053
BATT_MODEL_RAW:,557,166787.858,3.785183,3.784084,0.5494999999999806
BATT_MODEL_RAW:,558,167087.826,3.784943,3.783852,0.5455000000000876
BATT_MODEL_RAW:,559,167387.81,3.78471,3.783606,0.552000000000108
BATT_MODEL_RAW:,560,167687.788,3.784477,3.783382,0.547499999999923
BATT_MODEL_RAW:,561,167987.766,3.784231,3.783134,0.5485000000000628
BATT_MODEL_RAW:,562,168287.756,3.783995,3.782885,0.5550000000000832
BATT_MODEL_RAW:,563,168587.742,3.783754,3.782633,0.5604999999999638
BATT_MODEL_RAW:,564,168887.728,3.783504,3.782393,0.5555000000001531
BATT_MODEL_RAW:,565,169187.715,3.783278,3.782154,0.5620000000001735
BATT_MODEL_RAW:,566,169487.693,3.78301,3.781908,0.5509999999999682
BATT_MODEL_RAW:,567,169787.666,3.782774,3.781658,0.5579999999998364
BATT_MODEL_RAW:,568,170087.645,3.782524,3.781404,0.5599999999998939
BATT_MODEL_RAW:,569,170387.62,3.782272,3.781168,0.5519999999998859
BATT_MODEL_RAW:,570,170687.592,3.782034,3.780909,0.5625000000000213
BATT_MODEL_RAW:,571,170987.575,3.781797,3.780666,0.5654999999999966
BATT_MODEL_RAW:,572,171287.546,3.781544,3.780422,0.5609999999998116
BATT_MODEL_RAW:,573,171587.525,3.781298,3.780169,0.5645000000000788
BATT_MODEL_RAW:,574,171887.502,3.781029,3.779917,0.5560000000000009
BATT_MODEL_RAW:,575,172187.477,3.780792,3.779665,0.563499999999939
BATT_MODEL_RAW:,576,172487.45,3.780531,3.779411,0.5599999999998939
BATT_MODEL_RAW:,577,172787.433,3.780287,3.77916,0.563499999999939
BATT_MODEL_RAW:,578,173087.407,3.780037,3.778912,0.5625000000000213
BATT_MODEL_RAW:,579,173387.381,3.779781,3.778646,0.567499999999832
BATT_MODEL_RAW:,580,173687.357,3.779518,3.778391,0.563499999999939
BATT_MODEL_RAW:,581,173987.332,3.779264,3.778124,0.5699999999999594
BATT_MODEL_RAW:,582,174287.31,3.779011,3.777878,0.5665000000001363
BATT_MODEL_RAW:,583,174587.283,3.778751,3.777622,0.5645000000000788
BATT_MODEL_RAW:,584,174887.26,3.778486,3.777357,0.5645000000000788
BATT_MODEL_RAW:,585,175187.237,3.778233,3.77709,0.5715000000001691
BATT_MODEL_RAW:,586,175487.215,3.777979,3.776848,0.5654999999999966
BATT_MODEL_RAW:,587,175787.189,3.77771,3.776567,0.571499999999947
BATT_MODEL_RAW:,588,176087.16,3.777441,3.776293,0.5740000000000745
BATT_MODEL_RAW:,589,176387.138,3.777164,3.776016,0.5740000000000745
BATT_MODEL_RAW:,590,176687.115,3.776915,3.775774,0.5704999999998073
BATT_MODEL_RAW:,591,176987.089,3.776655,3.775507,0.5739999999998524
BATT_MODEL_RAW:,592,177287.074,3.776396,3.775257,0.5695000000001116
BATT_MODEL_RAW:,593,177587.051,3.776131,3.774982,0.5744999999999223
BATT_MODEL_RAW:,594,177887.042,3.775848,3.774712,0.5679999999999019
BATT_MODEL_RAW:,595,178187.025,3.775583,3.774445,0.5690000000000417
BATT_MODEL_RAW:,596,178487.01,3.775305,3.774162,0.571499999999947
BATT_MODEL_RAW:,597,178786.985,3.77503,3.773899,0.5654999999999966
BATT_MODEL_RAW:,598,179086.959,3.77474,3.773613,0.563499999999939
BATT_MODEL_RAW:,599,179386.938,3.774467,3.773335,0.5660000000000664
BATT_MODEL_RAW:,600,179686.913,3.774204,3.773071,0.5665000000001363
BATT_MODEL_RAW:,601,179986.902,3.773928,3.772797,0.5654999999999966
BATT_MODEL_RAW:,602,180286.88,3.773666,3.772543,0.5614999999998815
BATT_MODEL_RAW:,603,180586.858,3.773401,3.772264,0.5684999999999718
BATT_MODEL_RAW:,604,180886.846,3.773136,3.772007,0.5645000000000788
BATT_MODEL_RAW:,605,181186.823,3.772865,3.771736,0.5644999999998568
BATT_MODEL_RAW:,606,181486.8,3.772594,3.771481,0.5564999999998488
BATT_MODEL_RAW:,607,181786.777,3.772341,3.771212,0.5645000000000788
BATT_MODEL_RAW:,608,182086.754,3.772074,3.770939,0.5675000000000541
BATT_MODEL_RAW:,609,182386.731,3.771801,3.770678,0.5614999999998815
BATT_MODEL_RAW:,610,182686.71,3.771545,3.770418,0.5635000000001611
BATT_MODEL_RAW:,611,182986.684,3.771276,3.770161,0.5574999999999886
BATT_MODEL_RAW:,612,183286.66,3.771006,3.769888,0.5589999999999762
BATT_MODEL_RAW:,613,183586.64,3.770729,3.769613,0.5580000000000584
BATT_MODEL_RAW:,614,183886.612,3.770472,3.769346,0.5629999999998692
BATT_MODEL_RAW:,615,184186.59,3.770224,3.769104,0.5599999999998939
BATT_MODEL_RAW:,616,184486.569,3.769974,3.768848,0.5629999999998692
BATT_MODEL_RAW:,617,184786.541,3.769674,3.768557,0.5585000000001283
BATT_MODEL_RAW:,618,185086.521,3.769398,3.768282,0.5579999999998364
BATT_MODEL_RAW:,619,185386.497,3.76915,3.768026,0.5619999999999514
BATT_MODEL_RAW:,620,185686.47,3.768906,3.767782,0.5619999999999514
BATT_MODEL_RAW:,621,185986.447,3.768665,3.767534,0.5654999999999966
BATT_MODEL_RAW:,622,186286.434,3.768421,3.7673,0.5604999999999638
BATT_MODEL_RAW:,623,186586.411,3.76819,3.76705,0.5700000000001815
BATT_MODEL_RAW:,624,186886.387,3.767931,3.766794,0.5684999999999718
BATT_MODEL_RAW:,625,187186.364,3.767683,3.76655,0.5664999999999143
BATT_MODEL_RAW:,626,187486.346,3.767433,3.766291,0.5710000000000992
BATT_MODEL_RAW:,627,187786.334,3.767179,3.766033,0.5729999999999347
BATT_MODEL_RAW:,628,188086.311,3.766916,3.765776,0.5700000000001815
BATT_MODEL_RAW:,629,188386.288,3.766661,3.765509,0.5759999999999099
BATT_MODEL_RAW:,630,188686.28,3.766392,3.765251,0.5705000000000293
BATT_MODEL_RAW:,631,188986.268,3.766129,3.764982,0.5735000000000046
BATT_MODEL_RAW:,632,189286.245,3.765856,3.764708,0.5739999999998524
BATT_MODEL_RAW:,633,189586.237,3.765591,3.764433,0.5790000000001072
BATT_MODEL_RAW:,634,189886.23,3.76531,3.764168,0.5709999999998772
BATT_MODEL_RAW:,635,190186.207,3.76506,3.763901,0.579499999999955
BATT_MODEL_RAW:,636,190486.179,3.764765,3.763613,0.576000000000132
BATT_MODEL_RAW:,637,190786.157,3.764486,3.763338,0.5740000000000745
BATT_MODEL_RAW:,638,191086.138,3.764221,3.763062,0.579499999999955
BATT_MODEL_RAW:,639,191386.114,3.763929,3.762779,0.5749999999999922
BATT_MODEL_RAW:,640,191686.089,3.763651,3.762493,0.5789999999998852
BATT_MODEL_RAW:,641,191986.067,3.763367,3.762217,0.5749999999999922
BATT_MODEL_RAW:,642,192286.044,3.763071,3.761913,0.5790000000001072
BATT_MODEL_RAW:,643,192586.018,3.762777,3.76162,0.5784999999998153
BATT_MODEL_RAW:,644,192885.999,3.762491,3.761335,0.5779999999999674
BATT_MODEL_RAW:,645,193185.992,3.762188,3.761032,0.5779999999999674
BATT_MODEL_RAW:,646,193485.982,3.761892,3.760729,0.5815000000000126
BATT_MODEL_RAW:,647,193785.976,3.761595,3.760424,0.5854999999999055
BATT_MODEL_RAW:,648,194085.951,3.761278,3.760124,0.5770000000000497
BATT_MODEL_RAW:,649,194385.928,3.760971,3.759815,0.5779999999999674
BATT_MODEL_RAW:,650,194685.909,3.760654,3.759489,0.5825000000001523
BATT_MODEL_RAW:,651,194985.891,3.760355,3.759178,0.5885000000001028
BATT_MODEL_RAW:,652,195285.868,3.760035,3.758869,0.5830000000000002
BATT_MODEL_RAW:,653,195585.842,3.759716,3.758553,0.5815000000000126
BATT_MODEL_RAW:,654,195885.82,3.759394,3.758234,0.5800000000000249
BATT_MODEL_RAW:,655,196185.795,3.759068,3.7579,0.58400000000014
BATT_MODEL_RAW:,656,196485.767,3.758734,3.757568,0.5830000000000002
BATT_MODEL_RAW:,657,196785.747,3.758406,3.757244,0.5809999999999427
BATT_MODEL_RAW:,658,197085.719,3.75807,3.756903,0.5835000000000701
BATT_MODEL_RAW:,659,197385.697,3.757742,3.756571,0.5854999999999055
BATT_MODEL_RAW:,660,197685.673,3.75742,3.756248,0.5860000000001975
BATT_MODEL_RAW:,661,197985.648,3.757076,3.755909,0.5835000000000701
BATT_MODEL_RAW:,662,198285.626,3.756727,3.755564,0.5815000000000126
BATT_MODEL_RAW:,663,198585.602,3.756399,3.75523,0.5844999999999878
BATT_MODEL_RAW:,664,198885.577,3.756052,3.754883,0.5844999999999878
BATT_MODEL_RAW:,665,199185.553,3.755705,3.754536,0.5844999999999878
BATT_MODEL_RAW:,666,199485.53,3.755356,3.754177,0.5895000000000206
BATT_MODEL_RAW:,667,199785.508,3.755013,3.753847,0.5830000000000002
BATT_MODEL_RAW:,668,200085.483,3.754662,3.753487,0.5875000000001851
BATT_MODEL_RAW:,669,200385.461,3.754314,3.753136,0.5889999999999507
BATT_MODEL_RAW:,670,200685.441,3.75396,3.752792,0.58400000000014
BATT_MODEL_RAW:,671,200985.419,3.75363,3.752455,0.587499999999963
BATT_MODEL_RAW:,672,201285.399,3.753277,3.7521,0.5885000000001028
BATT_MODEL_RAW:,673,201585.372,3.752941,3.751762,0.5895000000000206
BATT_MODEL_RAW:,674,201885.349,3.752604,3.751429,0.587499999999963
BATT_MODEL_RAW:,675,202185.323,3.752268,3.751085,0.5915000000000781
BATT_MODEL_RAW:,676,202485.301,3.751919,3.750751,0.5839999999999179
BATT_MODEL_RAW:,677,202785.277,3.751595,3.750423,0.5859999999999754
BATT_MODEL_RAW:,678,203085.256,3.751287,3.750113,0.5870000000001152
BATT_MODEL_RAW:,679,203385.231,3.750961,3.749786,0.5875000000001851
BATT_MODEL_RAW:,680,203685.208,3.750641,3.749475,0.5830000000000002
BATT_MODEL_RAW:,681,203985.187,3.750345,3.749163,0.5910000000000082
BATT_MODEL_RAW:,682,204285.156,3.750032,3.748856,0.5880000000000329
BATT_MODEL_RAW:,683,204585.131,3.749744,3.748566,0.5890000000001727
BATT_MODEL_RAW:,684,204885.105,3.749456,3.748274,0.5910000000000082
BATT_MODEL_RAW:,685,205185.081,3.749159,3.747988,0.5855000000001276
BATT_MODEL_RAW:,686,205485.056,3.748871,3.747694,0.5884999999998808
BATT_MODEL_RAW:,687,205785.035,3.748581,3.747402,0.5895000000000206
BATT_MODEL_RAW:,688,206085.007,3.748304,3.747122,0.5910000000000082
BATT_MODEL_RAW:,689,206384.986,3.748034,3.746851,0.5915000000000781
BATT_MODEL_RAW:,690,206684.957,3.747772,3.746593,0.5895000000000206
BATT_MODEL_RAW:,691,206984.946,3.747488,3.746309,0.5895000000000206
BATT_MODEL_RAW:,692,207284.923,3.747223,3.746031,0.5960000000000409
BATT_MODEL_RAW:,693,207584.895,3.746952,3.745764,0.5939999999999834
BATT_MODEL_RAW:,694,207884.872,3.746675,3.745501,0.5870000000001152
BATT_MODEL_RAW:,695,208184.859,3.746426,3.745241,0.5924999999999958
BATT_MODEL_RAW:,696,208484.835,3.746149,3.74497,0.5895000000000206
BATT_MODEL_RAW:,697,208784.81,3.745888,3.744711,0.5884999999998808
BATT_MODEL_RAW:,698,209084.784,3.745626,3.744436,0.5950000000001232
BATT_MODEL_RAW:,699,209384.763,3.745377,3.744186,0.595499999999971
BATT_MODEL_RAW:,700,209684.754,3.745115,3.743933,0.5910000000000082
BATT_MODEL_RAW:,701,209984.735,3.744843,3.74365,0.5964999999998888
BATT_MODEL_RAW:,702,210284.72,3.744577,3.743389,0.5939999999999834
BATT_MODEL_RAW:,703,210584.704,3.74432,3.74313,0.5950000000001232
BATT_MODEL_RAW:,704,210884.677,3.744045,3.742874,0.5854999999999055
BATT_MODEL_RAW:,705,211184.649,3.743776,3.742598,0.5889999999999507
BATT_MODEL_RAW:,706,211484.632,3.743505,3.742321,0.5919999999999259
BATT_MODEL_RAW:,707,211784.614,3.743246,3.742054,0.5960000000000409
BATT_MODEL_RAW:,708,212084.59,3.74297,3.741783,0.5935000000001356
BATT_MODEL_RAW:,709,212384.564,3.742689,3.741507,0.5910000000000082
BATT_MODEL_RAW:,710,212684.545,3.74242,3.741234,0.5930000000000657
BATT_MODEL_RAW:,711,212984.532,3.742134,3.740944,0.5950000000001232
BATT_MODEL_RAW:,712,213284.501,3.741833,3.740652,0.5905000000001603
BATT_MODEL_RAW:,713,213584.48,3.74155,3.740356,0.5970000000001807
BATT_MODEL_RAW:,714,213884.452,3.741255,3.740072,0.5915000000000781
BATT_MODEL_RAW:,715,214184.429,3.740896,3.739712,0.592000000000148
BATT_MODEL_RAW:,716,214484.417,3.740572,3.739388,0.5919999999999259
BATT_MODEL_RAW:,717,214784.406,3.740282,3.739096,0.5930000000000657
BATT_MODEL_RAW:,718,215084.387,3.739956,3.738771,0.5924999999999958
BATT_MODEL_RAW:,719,215384.374,3.739603,3.73842,0.591499999999856
BATT_MODEL_RAW:,720,215684.353,3.739265,3.738087,0.5889999999999507
BATT_MODEL_RAW:,721,215984.332,3.738932,3.737751,0.5905000000001603
BATT_MODEL_RAW:,722,216284.311,3.738562,3.737387,0.587499999999963
BATT_MODEL_RAW:,723,216584.305,3.738214,3.737026,0.5939999999999834
BATT_MODEL_RAW:,724,216884.282,3.73785,3.736671,0.5895000000000206
BATT_MODEL_RAW:,725,217184.254,3.737473,3.7363,0.5865000000000453
BATT_MODEL_RAW:,726,217484.238,3.737112,3.735933,0.5895000000000206
BATT_MODEL_RAW:,727,217784.208,3.736715,3.735535,0.5899999999998684
BATT_MODEL_RAW:,728,218084.189,3.7363,3.735128,0.5859999999999754
BATT_MODEL_RAW:,729,218384.173,3.735878,3.734703,0.587499999999963
BATT_MODEL_RAW:,730,218684.143,3.735422,3.734251,0.5854999999999055
BATT_MODEL_RAW:,731,218984.13,3.734983,3.733809,0.5870000000001152
BATT_MODEL_RAW:,732,219284.11,3.734562,3.733397,0.5824999999999303
BATT_MODEL_RAW:,733,219584.086,3.734123,3.73296,0.5815000000000126
BATT_MODEL_RAW:,734,219884.064,3.733683,3.732523,0.5800000000000249
BATT_MODEL_RAW:,735,220184.043,3.733261,3.732101,0.5800000000000249
BATT_MODEL_RAW:,736,220484.03,3.732803,3.731659,0.5720000000000169
BATT_MODEL_RAW:,737,220784.008,3.73237,3.731228,0.5709999999998772
BATT_MODEL_RAW:,738,221083.98,3.731909,3.730764,0.5724999999998648
BATT_MODEL_RAW:,739,221383.957,3.731455,3.730307,0.5740000000000745
BATT_MODEL_RAW:,740,221683.926,3.731005,3.729855,0.5749999999999922
BATT_MODEL_RAW:,741,221983.912,3.730528,3.729389,0.5695000000001116
BATT_MODEL_RAW:,742,222283.884,3.730062,3.728918,0.5720000000000169
BATT_MODEL_RAW:,743,222583.859,3.729589,3.728439,0.5749999999999922
BATT_MODEL_RAW:,744,222883.836,3.72912,3.727964,0.5779999999999674
BATT_MODEL_RAW:,745,223183.83,3.72863,3.727489,0.5705000000000293
BATT_MODEL_RAW:,746,223483.8,3.72813,3.727005,0.5625000000000213
BATT_MODEL_RAW:,747,223783.78,3.72765,3.726513,0.5684999999999718
BATT_MODEL_RAW:,748,224083.76,3.727142,3.726007,0.5675000000000541
BATT_MODEL_RAW:,749,224383.746,3.726635,3.725504,0.5654999999999966
BATT_MODEL_RAW:,750,224683.725,3.726147,3.725004,0.571499999999947
BATT_MODEL_RAW:,751,224983.699,3.725636,3.724508,0.5640000000000089
BATT_MODEL_RAW:,752,225283.674,3.72514,3.724014,0.5630000000000912
BATT_MODEL_RAW:,753,225583.648,3.724649,3.723507,0.5709999999998772
BATT_MODEL_RAW:,754,225883.624,3.724117,3.722988,0.5645000000000788
BATT_MODEL_RAW:,755,226183.596,3.723616,3.722485,0.5654999999999966
BATT_MODEL_RAW:,756,226483.574,3.723095,3.721973,0.5609999999998116
BATT_MODEL_RAW:,757,226783.561,3.722616,3.721483,0.5664999999999143
BATT_MODEL_RAW:,758,227083.547,3.722118,3.720987,0.5654999999999966
BATT_MODEL_RAW:,759,227383.522,3.72163,3.720495,0.5675000000000541
BATT_MODEL_RAW:,760,227683.515,3.721159,3.72003,0.5645000000000788
BATT_MODEL_RAW:,761,227983.494,3.720673,3.719549,0.5619999999999514
BATT_MODEL_RAW:,762,228283.468,3.720192,3.719067,0.5625000000000213
BATT_MODEL_RAW:,763,228583.45,3.719734,3.718601,0.5664999999999143
BATT_MODEL_RAW:,764,228883.428,3.719276,3.718143,0.5664999999999143
BATT_MODEL_RAW:,765,229183.414,3.718824,3.717695,0.5645000000000788
BATT_MODEL_RAW:,766,229483.386,3.71839,3.717258,0.5659999999998444
BATT_MODEL_RAW:,767,229783.376,3.717932,3.716822,0.5549999999998612
BATT_MODEL_RAW:,768,230083.355,3.717499,3.716377,0.5610000000000337
BATT_MODEL_RAW:,769,230383.329,3.717066,3.715935,0.5654999999999966
BATT_MODEL_RAW:,770,230683.311,3.716633,3.715508,0.5625000000000213
BATT_MODEL_RAW:,771,230983.29,3.716219,3.715096,0.5615000000001036
BATT_MODEL_RAW:,772,231283.264,3.715813,3.714685,0.5640000000000089
BATT_MODEL_RAW:,773,231583.242,3.71545,3.714317,0.5665000000001363
BATT_MODEL_RAW:,774,231883.221,3.715046,3.713915,0.5654999999999966
BATT_MODEL_RAW:,775,232183.21,3.714645,3.713512,0.5664999999999143
BATT_MODEL_RAW:,776,232483.192,3.714245,3.71311,0.5675000000000541
BATT_MODEL_RAW:,777,232783.179,3.713833,3.712688,0.5725000000000868
BATT_MODEL_RAW:,778,233083.153,3.713345,3.71221,0.5675000000000541
BATT_MODEL_RAW:,779,233383.134,3.712862,3.711731,0.5654999999999966
BATT_MODEL_RAW:,780,233683.112,3.712355,3.711214,0.5705000000000293
BATT_MODEL_RAW:,781,233983.086,3.711851,3.710722,0.5644999999998568
BATT_MODEL_RAW:,782,234283.062,3.711323,3.710196,0.5635000000001611
BATT_MODEL_RAW:,783,234583.043,3.710812,3.709675,0.5685000000001939
BATT_MODEL_RAW:,784,234883.032,3.710302,3.709167,0.5675000000000541
BATT_MODEL_RAW:,785,235183.006,3.709763,3.708633,0.5650000000001487
BATT_MODEL_RAW:,786,235482.985,3.709227,3.708107,0.5599999999998939
BATT_MODEL_RAW:,787,235782.973,3.708666,3.707539,0.563499999999939
BATT_MODEL_RAW:,788,236082.957,3.70809,3.706961,0.5644999999998568
BATT_MODEL_RAW:,789,236382.933,3.707495,3.706371,0.5620000000001735
BATT_MODEL_RAW:,790,236682.921,3.7069,3.705776,0.5619999999999514
BATT_MODEL_RAW:,791,236982.895,3.70628,3.705154,0.5630000000000912
BATT_MODEL_RAW:,792,237282.868,3.705641,3.704525,0.5580000000000584
BATT_MODEL_RAW:,793,237582.847,3.704979,3.703856,0.5614999999998815
BATT_MODEL_RAW:,794,237882.827,3.704298,3.70319,0.5539999999999434
BATT_MODEL_RAW:,795,238182.823,3.703632,3.702511,0.5604999999999638
BATT_MODEL_RAW:,796,238482.818,3.702917,3.701786,0.5654999999999966
BATT_MODEL_RAW:,797,238782.799,3.702185,3.701067,0.5589999999999762
BATT_MODEL_RAW:,798,239082.793,3.701424,3.700306,0.5589999999999762
BATT_MODEL_RAW:,799,239382.784,3.700657,3.699533,0.5619999999999514
BATT_MODEL_RAW:,800,239682.751,3.699844,3.698729,0.5574999999999886
BATT_MODEL_RAW:,801,239982.738,3.699039,3.697926,0.5565000000000708
BATT_MODEL_RAW:,802,240282.73,3.698242,3.697128,0.5569999999999187
BATT_MODEL_RAW:,803,240582.72,3.697433,3.696314,0.5595000000000461
BATT_MODEL_RAW:,804,240882.709,3.696611,3.695507,0.5519999999998859
BATT_MODEL_RAW:,805,241182.685,3.695837,3.694714,0.5615000000001036
BATT_MODEL_RAW:,806,241482.664,3.695066,3.69396,0.5530000000000257
BATT_MODEL_RAW:,807,241782.635,3.69433,3.69322,0.5549999999998612
BATT_MODEL_RAW:,808,242082.611,3.693638,3.69253,0.5539999999999434
BATT_MODEL_RAW:,809,242382.604,3.692993,3.691887,0.5530000000000257
BATT_MODEL_RAW:,810,242682.593,3.692404,3.691288,0.5579999999998364
BATT_MODEL_RAW:,811,242982.574,3.691856,3.690748,0.5539999999999434
BATT_MODEL_RAW:,812,243282.551,3.691381,3.690262,0.559499999999824
BATT_MODEL_RAW:,813,243582.526,3.690926,3.689812,0.5570000000001407
BATT_MODEL_RAW:,814,243882.504,3.690535,3.689428,0.5535000000000956
BATT_MODEL_RAW:,815,244182.479,3.690178,3.689066,0.5560000000000009
BATT_MODEL_RAW:,816,244482.454,3.689827,3.688725,0.5510000000001902
BATT_MODEL_RAW:,817,244782.432,3.689516,3.688396,0.5599999999998939
BATT_MODEL_RAW:,818,245082.405,3.689211,3.688103,0.5539999999999434
BATT_MODEL_RAW:,819,245382.384,3.688913,3.687815,0.5489999999999107
BATT_MODEL_RAW:,820,245682.375,3.688635,3.687527,0.5539999999999434
BATT_MODEL_RAW:,821,245982.358,3.688358,3.68725,0.5539999999999434
BATT_MODEL_RAW:,822,246282.336,3.688095,3.686977,0.5589999999999762
BATT_MODEL_RAW:,823,246582.313,3.687832,3.686728,0.552000000000108
BATT_MODEL_RAW:,824,246882.283,3.687586,3.686483,0.5515000000000381
BATT_MODEL_RAW:,825,247182.26,3.687334,3.68622,0.5569999999999187
BATT_MODEL_RAW:,826,247482.24,3.687088,3.685959,0.5645000000000788
BATT_MODEL_RAW:,827,247782.209,3.686815,3.685699,0.5580000000000584
BATT_MODEL_RAW:,828,248082.187,3.686562,3.68545,0.5560000000000009
BATT_MODEL_RAW:,829,248382.164,3.686295,3.685186,0.5545000000000133
BATT_MODEL_RAW:,830,248682.137,3.686029,3.68491,0.5595000000000461
BATT_MODEL_RAW:,831,248982.117,3.685768,3.684656,0.5560000000000009
BATT_MODEL_RAW:,832,249282.09,3.685472,3.684372,0.5499999999998284
BATT_MODEL_RAW:,833,249582.067,3.685215,3.684099,0.5580000000000584
BATT_MODEL_RAW:,834,249882.046,3.684938,3.68383,0.5539999999999434
BATT_MODEL_RAW:,835,250182.035,3.684662,3.683556,0.5530000000000257
BATT_MODEL_RAW:,836,250482.004,3.684368,3.683254,0.5570000000001407
BATT_MODEL_RAW:,837,250781.988,3.68405,3.682951,0.5494999999999806
BATT_MODEL_RAW:,838,251081.958,3.683733,3.682625,0.5540000000001655
BATT_MODEL_RAW:,839,251381.935,3.683432,3.682316,0.5579999999998364
BATT_MODEL_RAW:,840,251681.902,3.683098,3.68198,0.5590000000001982
BATT_MODEL_RAW:,841,251981.877,3.682751,3.681646,0.5524999999999558
BATT_MODEL_RAW:,842,252281.856,3.682409,3.681293,0.5579999999998364
BATT_MODEL_RAW:,843,252581.824,3.682028,3.680914,0.5569999999999187
BATT_MODEL_RAW:,844,252881.809,3.681644,3.680534,0.5549999999998612
BATT_MODEL_RAW:,845,253181.784,3.681253,3.680128,0.5625000000000213
BATT_MODEL_RAW:,846,253481.761,3.680828,3.679726,0.5509999999999682
BATT_MODEL_RAW:,847,253781.737,3.68042,3.67931,0.5549999999998612
BATT_MODEL_RAW:,848,254081.714,3.679968,3.678858,0.5550000000000832
BATT_MODEL_RAW:,849,254381.692,3.679508,3.678387,0.5604999999999638
BATT_MODEL_RAW:,850,254681.666,3.679007,3.677896,0.555499999999931
BATT_MODEL_RAW:,851,254981.645,3.678478,3.677368,0.5550000000000832
BATT_MODEL_RAW:,852,255281.622,3.677938,3.676825,0.5565000000000708
BATT_MODEL_RAW:,853,255581.594,3.677382,3.676271,0.5555000000001531
BATT_MODEL_RAW:,854,255881.571,3.67679,3.675676,0.5569999999999187
BATT_MODEL_RAW:,855,256181.543,3.676157,3.675043,0.5569999999999187
BATT_MODEL_RAW:,856,256481.52,3.67547,3.67437,0.5499999999998284
BATT_MODEL_RAW:,857,256781.494,3.674765,3.673651,0.5569999999999187
BATT_MODEL_RAW:,858,257081.475,3.673994,3.672874,0.5599999999998939
BATT_MODEL_RAW:,859,257381.45,3.673225,3.672108,0.5584999999999063
BATT_MODEL_RAW:,860,257681.431,3.672421,3.671312,0.5545000000000133
BATT_MODEL_RAW:,861,257981.408,3.671522,3.67041,0.5560000000000009
BATT_MODEL_RAW:,862,258281.388,3.670553,3.669439,0.5569999999999187
BATT_MODEL_RAW:,863,258581.372,3.669523,3.668413,0.5549999999998612
BATT_MODEL_RAW:,864,258881.357,3.668415,3.667305,0.5550000000000832
BATT_MODEL_RAW:,865,259181.332,3.667208,3.666096,0.5560000000000009
BATT_MODEL_RAW:,866,259481.308,3.665934,3.664816,0.5589999999999762
BATT_MODEL_RAW:,867,259781.281,3.664553,3.663437,0.5580000000000584
BATT_MODEL_RAW:,868,260081.255,3.663074,3.661964,0.5549999999998612
BATT_MODEL_RAW:,869,260381.231,3.661469,3.660357,0.5560000000000009
BATT_MODEL_RAW:,870,260681.205,3.659775,3.658651,0.5619999999999514
BATT_MODEL_RAW:,871,260981.182,3.657957,3.656834,0.5615000000001036
BATT_MODEL_RAW:,872,261281.158,3.656025,3.654902,0.5615000000001036
BATT_MODEL_RAW:,873,261581.134,3.653936,3.652809,0.563499999999939
BATT_MODEL_RAW:,874,261881.111,3.651714,3.650579,0.5675000000000541
BATT_MODEL_RAW:,875,262181.088,3.649326,3.648197,0.5644999999998568
BATT_MODEL_RAW:,876,262481.069,3.646824,3.645687,0.5684999999999718
BATT_MODEL_RAW:,877,262781.046,3.644186,3.643032,0.5770000000000497
BATT_MODEL_RAW:,878,263081.036,3.641417,3.64028,0.5684999999999718
BATT_MODEL_RAW:,879,263381.02,3.638557,3.637407,0.5749999999999922
BATT_MODEL_RAW:,880,263681.009,3.635565,3.634426,0.5695000000001116
BATT_MODEL_RAW:,881,263980.994,3.632486,3.631342,0.5720000000000169
BATT_MODEL_RAW:,882,264280.97,3.629316,3.628157,0.5795000000001771
BATT_MODEL_RAW:,883,264580.949,3.62607,3.624914,0.5779999999999674
BATT_MODEL_RAW:,884,264880.924,3.622717,3.621557,0.5800000000000249
BATT_MODEL_RAW:,885,265180.9,3.619295,3.618139,0.5779999999999674
BATT_MODEL_RAW:,886,265480.877,3.61578,3.614618,0.5809999999999427
BATT_MODEL_RAW:,887,265780.854,3.612213,3.611061,0.576000000000132
BATT_MODEL_RAW:,888,266080.831,3.608559,3.607395,0.5820000000000825
BATT_MODEL_RAW:,889,266380.809,3.604828,3.603649,0.5895000000000206
BATT_MODEL_RAW:,890,266680.793,3.60103,3.599857,0.5865000000000453
BATT_MODEL_RAW:,891,266980.778,3.597137,3.595963,0.5870000000001152
BATT_MODEL_RAW:,892,267280.755,3.593193,3.592018,0.587499999999963
BATT_MODEL_RAW:,893,267580.729,3.58919,3.588005,0.5924999999999958
BATT_MODEL_RAW:,894,267880.706,3.585083,3.583906,0.5885000000001028
BATT_MODEL_RAW:,895,268180.681,3.580908,3.579735,0.5865000000000453
BATT_MODEL_RAW:,896,268480.656,3.576666,3.575483,0.591499999999856
BATT_MODEL_RAW:,897,268780.631,3.572338,3.57115,0.5939999999999834
BATT_MODEL_RAW:,898,269080.602,3.567938,3.566738,0.5999999999999339
BATT_MODEL_RAW:,899,269380.584,3.563444,3.562248,0.5980000000000985
BATT_MODEL_RAW:,900,269680.558,3.55887,3.55769,0.5900000000000905
BATT_MODEL_RAW:,901,269980.532,3.554232,3.553038,0.5969999999999587
BATT_MODEL_RAW:,902,270280.515,3.549486,3.548294,0.5960000000000409
BATT_MODEL_RAW:,903,270580.49,3.544641,3.543449,0.5960000000000409
BATT_MODEL_RAW:,904,270880.464,3.5397,3.538507,0.5964999999998888
BATT_MODEL_RAW:,905,271180.44,3.534657,3.533466,0.595499999999971
BATT_MODEL_RAW:,906,271480.413,3.529493,3.528297,0.5980000000000985
BATT_MODEL_RAW:,907,271780.386,3.524256,3.523056,0.5999999999999339
BATT_MODEL_RAW:,908,272080.369,3.518892,3.517677,0.6075000000000941
BATT_MODEL_RAW:,909,272380.345,3.513409,3.512207,0.6009999999998517
BATT_MODEL_RAW:,910,272680.321,3.50783,3.506615,0.607499999999872
BATT_MODEL_RAW:,911,272980.299,3.502115,3.500896,0.6094999999999295
BATT_MODEL_RAW:,912,273280.277,3.496296,3.495073,0.611499999999987
BATT_MODEL_RAW:,913,273580.248,3.490343,3.489126,0.6085000000000118
BATT_MODEL_RAW:,914,273880.233,3.484274,3.483057,0.6085000000000118
BATT_MODEL_RAW:,915,274180.206,3.478064,3.476839,0.6124999999999048
BATT_MODEL_RAW:,916,274480.174,3.471737,3.470522,0.6075000000000941
BATT_MODEL_RAW:,917,274780.15,3.465282,3.464062,0.6099999999999994
BATT_MODEL_RAW:,918,275080.128,3.458694,3.457472,0.6109999999999172
BATT_MODEL_RAW:,919,275380.104,3.451958,3.450737,0.6104999999998473
BATT_MODEL_RAW:,920,275680.077,3.445057,3.443836,0.6104999999998473
BATT_MODEL_RAW:,921,275980.06,3.438028,3.436796,0.6159999999999499
BATT_MODEL_RAW:,922,276280.033,3.430841,3.429594,0.6235000000001101
BATT_MODEL_RAW:,923,276580.012,3.423468,3.422235,0.6165000000000198
BATT_MODEL_RAW:,924,276879.989,3.415949,3.4147,0.6245000000000278
BATT_MODEL_RAW:,925,277179.964,3.408241,3.407009,0.6159999999999499
BATT_MODEL_RAW:,926,277479.942,3.400358,3.399115,0.6215000000000526
BATT_MODEL_RAW:,927,277779.915,3.392277,3.391033,0.6219999999999004
BATT_MODEL_RAW:,928,278079.886,3.384037,3.382771,0.6330000000001057
BATT_MODEL_RAW:,929,278379.861,3.375561,3.374315,0.6229999999998181
BATT_MODEL_RAW:,930,278679.843,3.366911,3.365665,0.6230000000000402
BATT_MODEL_RAW:,931,278979.815,3.358015,3.356766,0.6245000000000278
BATT_MODEL_RAW:,932,279279.789,3.348869,3.347607,0.6310000000000482
BATT_MODEL_RAW:,933,279579.768,3.339457,3.338202,0.627500000000003
BATT_MODEL_RAW:,934,279879.739,3.329779,3.328506,0.6364999999999288
BATT_MODEL_RAW:,935,280179.718,3.319782,3.31852,0.6310000000000482
BATT_MODEL_RAW:,936,280479.698,3.309465,3.308208,0.6284999999999208
BATT_MODEL_RAW:,937,280779.674,3.298826,3.297558,0.6340000000000234
BATT_MODEL_RAW:,938,281079.651,3.287804,3.286537,0.6334999999999535
BATT_MODEL_RAW:,939,281379.626,3.276396,3.275122,0.6369999999999987
BATT_MODEL_RAW:,940,281679.605,3.264559,3.263273,0.6430000000001712
BATT_MODEL_RAW:,941,281979.586,3.252218,3.250938,0.6399999999999739
BATT_MODEL_RAW:,942,282279.563,3.239384,3.238096,0.6439999999998669
BATT_MODEL_RAW:,943,282579.538,3.225958,3.224669,0.6444999999999368
BATT_MODEL_RAW:,944,282879.514,3.211863,3.210575,0.644000000000089
BATT_MODEL_RAW:,945,283179.493,3.197077,3.195778,0.6495000000001916
BATT_MODEL_RAW:,946,283479.464,3.181461,3.180161,0.6500000000000394
BATT_MODEL_RAW:,947,283779.448,3.164856,3.163538,0.6589999999999652
BATT_MODEL_RAW:,948,284079.42,3.147161,3.14584,0.6604999999999528
BATT_MODEL_RAW:,949,284379.394,3.128136,3.126816,0.660000000000105
BATT_MODEL_RAW:,950,284679.363,3.107395,3.106073,0.6610000000000227
BATT_MODEL_RAW:,951,284979.337,3.084593,3.083256,0.6684999999999608
BATT_MODEL_RAW.capacity:,0.1583218538888889

BATT_MODEL:,Index,Timestamp,Voc,Vload,ESR
BATT_MODEL:,1,284979.337,3.084593,3.083256,0.6684999999999608
BATT_MODEL:,2,281979.586,3.252218,3.250938,0.6399999999999739
BATT_MODEL:,3,279279.789,3.348869,3.347607,0.6310000000000482
BATT_MODEL:,4,276280.033,3.430841,3.429594,0.6235000000001101
BATT_MODEL:,5,273580.248,3.490343,3.489126,0.6085000000000118
BATT_MODEL:,6,270580.49,3.544641,3.543449,0.5960000000000409
BATT_MODEL:,7,267880.706,3.585083,3.583906,0.5885000000001028
BATT_MODEL:,8,264880.924,3.622717,3.621557,0.5800000000000249
BATT_MODEL:,9,262181.088,3.649326,3.648197,0.5644999999998568
BATT_MODEL:,10,259181.332,3.667208,3.666096,0.5560000000000009
BATT_MODEL:,11,256481.52,3.67547,3.67437,0.5499999999998284
BATT_MODEL:,12,253481.761,3.680828,3.679726,0.5509999999999682
BATT_MODEL:,13,250781.988,3.68405,3.682951,0.5494999999999806
BATT_MODEL:,14,247782.209,3.686815,3.685699,0.5580000000000584
BATT_MODEL:,15,245082.405,3.689211,3.688103,0.5539999999999434
BATT_MODEL:,16,242082.611,3.693638,3.69253,0.5539999999999434
BATT_MODEL:,17,239382.784,3.700657,3.699533,0.5619999999999514
BATT_MODEL:,18,236382.933,3.707495,3.706371,0.5620000000001735
BATT_MODEL:,19,233683.112,3.712355,3.711214,0.5705000000000293
BATT_MODEL:,20,230683.311,3.716633,3.715508,0.5625000000000213
BATT_MODEL:,21,227983.494,3.720673,3.719549,0.5619999999999514
BATT_MODEL:,22,224983.699,3.725636,3.724508,0.5640000000000089
BATT_MODEL:,23,222283.884,3.730062,3.728918,0.5720000000000169
BATT_MODEL:,24,219284.11,3.734562,3.733397,0.5824999999999303
BATT_MODEL:,25,216584.305,3.738214,3.737026,0.5939999999999834
BATT_MODEL:,26,213884.452,3.741255,3.740072,0.5915000000000781
BATT_MODEL:,27,210884.677,3.744045,3.742874,0.5854999999999055
BATT_MODEL:,28,208184.859,3.746426,3.745241,0.5924999999999958
BATT_MODEL:,29,205185.081,3.749159,3.747988,0.5855000000001276
BATT_MODEL:,30,202485.301,3.751919,3.750751,0.5839999999999179
BATT_MODEL:,31,199485.53,3.755356,3.754177,0.5895000000000206
BATT_MODEL:,32,196485.767,3.758734,3.757568,0.5830000000000002
BATT_MODEL:,33,193785.976,3.761595,3.760424,0.5854999999999055
BATT_MODEL:,34,191086.138,3.764221,3.763062,0.579499999999955
BATT_MODEL:,35,188086.311,3.766916,3.765776,0.5700000000001815
BATT_MODEL:,36,185386.497,3.76915,3.768026,0.5619999999999514
BATT_MODEL:,37,182386.731,3.771801,3.770678,0.5614999999998815
BATT_MODEL:,38,179686.913,3.774204,3.773071,0.5665000000001363
BATT_MODEL:,39,176687.115,3.776915,3.775774,0.5704999999998073
BATT_MODEL:,40,173987.332,3.779264,3.778124,0.5699999999999594
BATT_MODEL:,41,170987.575,3.781797,3.780666,0.5654999999999966
BATT_MODEL:,42,168287.756,3.783995,3.782885,0.5550000000000832
BATT_MODEL:,43,165287.933,3.786371,3.78529,0.5405000000000548
BATT_MODEL:,44,162588.11,3.788593,3.787489,0.552000000000108
BATT_MODEL:,45,159588.316,3.791098,3.789988,0.5549999999998612
BATT_MODEL:,46,156888.529,3.793461,3.792355,0.5530000000000257
BATT_MODEL:,47,153888.757,3.796129,3.79501,0.5595000000000461
BATT_MODEL:,48,151188.948,3.79862,3.797493,0.5635000000001611
BATT_MODEL:,49,148189.185,3.801476,3.80035,0.5630000000000912
BATT_MODEL:,50,145489.4,3.804131,3.803005,0.5629999999998692
BATT_MODEL:,51,142489.616,3.807198,3.806061,0.5684999999999718
BATT_MODEL:,52,139789.781,3.81002,3.808891,0.5645000000000788
BATT_MODEL:,53,136789.985,3.813339,3.812187,0.5759999999999099
BATT_MODEL:,54,134090.153,3.816477,3.81531,0.583499999999848
BATT_MODEL:,55,131090.367,3.820158,3.818993,0.5825000000001523
BATT_MODEL:,56,128390.538,3.823593,3.822418,0.587499999999963
BATT_MODEL:,57,125390.734,3.827608,3.826439,0.5844999999999878
BATT_MODEL:,58,122690.92,3.831339,3.830172,0.583499999999848
BATT_MODEL:,59,119691.135,3.835634,3.834457,0.5885000000001028
BATT_MODEL:,60,116991.35,3.83964,3.838465,0.5875000000001851
BATT_MODEL:,61,113991.594,3.844267,3.843092,0.587499999999963
BATT_MODEL:,62,111291.758,3.848574,3.847406,0.58400000000014
BATT_MODEL:,63,108291.952,3.853569,3.852413,0.5779999999999674
BATT_MODEL:,64,105592.129,3.858265,3.8571,0.5824999999999303
BATT_MODEL:,65,102592.34,3.863726,3.862562,0.5820000000000825
BATT_MODEL:,66,99892.473,3.868895,3.867737,0.5790000000001072
BATT_MODEL:,67,96892.673,3.874966,3.873816,0.5749999999999922
BATT_MODEL:,68,94192.872,3.880817,3.879671,0.5729999999999347
BATT_MODEL:,69,91193.072,3.887844,3.886709,0.567499999999832
BATT_MODEL:,70,88493.259,3.894915,3.893751,0.5820000000000825
BATT_MODEL:,71,85493.504,3.904377,3.903221,0.5780000000001895
BATT_MODEL:,72,82793.714,3.91403,3.912874,0.5779999999999674
BATT_MODEL:,73,79793.921,3.925114,3.923958,0.5780000000001895
BATT_MODEL:,74,77094.137,3.934483,3.93334,0.5715000000001691
BATT_MODEL:,75,74094.358,3.943916,3.942774,0.5710000000000992
BATT_MODEL:,76,71394.555,3.950647,3.949509,0.5690000000000417
BATT_MODEL:,77,68394.783,3.954878,3.953739,0.5694999999998895
BATT_MODEL:,78,65694.978,3.95768,3.956532,0.5739999999998524
BATT_MODEL:,79,62695.227,3.961699,3.960554,0.5724999999998648
BATT_MODEL:,80,59995.432,3.966318,3.965174,0.5719999999997949
BATT_MODEL:,81,56995.662,3.971996,3.970856,0.5699999999999594
BATT_MODEL:,82,54295.863,3.97764,3.976501,0.5695000000001116
BATT_MODEL:,83,51296.096,3.984688,3.983538,0.5749999999999922
BATT_MODEL:,84,48596.288,3.99188,3.990738,0.5710000000000992
BATT_MODEL:,85,45596.513,4.001184,4.000032,0.576000000000132
BATT_MODEL:,86,42896.731,4.011204,4.010042,0.5809999999999427
BATT_MODEL:,87,39896.969,4.024729,4.023558,0.5854999999996835
BATT_MODEL:,88,37197.18,4.038897,4.037729,0.584000000000362
BATT_MODEL:,89,34197.419,4.053822,4.052654,0.5839999999999179
BATT_MODEL:,90,31497.631,4.063059,4.061895,0.5820000000000825
BATT_MODEL:,91,28497.859,4.068792,4.067621,0.5855000000001276
BATT_MODEL:,92,25798.068,4.072851,4.071682,0.5844999999999878
BATT_MODEL:,93,22798.29,4.079618,4.078447,0.5855000000001276
BATT_MODEL:,94,20098.507,4.087601,4.086426,0.587499999999963
BATT_MODEL:,95,17098.744,4.097672,4.096487,0.5925000000002179
BATT_MODEL:,96,14398.944,4.107515,4.10634,0.587499999999963
BATT_MODEL:,97,11399.18,4.11799,4.116821,0.5844999999999878
BATT_MODEL:,98,8699.329,4.127272,4.12611,0.5809999999999427
BATT_MODEL:,99,5699.566,4.139893,4.138731,0.5809999999999427
BATT_MODEL:,100,2699.81,4.153898,4.15275,0.5739999999998524
BATT_MODEL:,101,0.0,4.169792,4.168827,0.4824999999999413
BATT_MODEL.capacity:,0.1583
